CREATE DATABASE  IF NOT EXISTS `ForensicReadyLogger` /*!40100 DEFAULT CHARACTER SET utf8mb4 COLLATE utf8mb4_0900_ai_ci */;
USE `ForensicReadyLogger`;

/*Create the Admin User*/
DROP USER IF EXISTS 'admin_frl'@'localhost';
CREATE USER 'admin_frl'@'localhost' IDENTIFIED BY 'eL9V4-tx$B';
GRANT ALL PRIVILEGES ON ForensicReadyLogger.* TO 'admin_frl'@'localhost' WITH GRANT OPTION;
FLUSH PRIVILEGES;

-- MySQL dump 10.13  Distrib 8.0.12, for macos10.13 (x86_64)
--
-- Host: localhost    Database: ForensicReadyLogger
-- ------------------------------------------------------
-- Server version	8.0.12

/*!40101 SET @OLD_CHARACTER_SET_CLIENT=@@CHARACTER_SET_CLIENT */;
/*!40101 SET @OLD_CHARACTER_SET_RESULTS=@@CHARACTER_SET_RESULTS */;
/*!40101 SET @OLD_COLLATION_CONNECTION=@@COLLATION_CONNECTION */;
 SET NAMES utf8mb4 ;
/*!40103 SET @OLD_TIME_ZONE=@@TIME_ZONE */;
/*!40103 SET TIME_ZONE='+00:00' */;
/*!40014 SET @OLD_UNIQUE_CHECKS=@@UNIQUE_CHECKS, UNIQUE_CHECKS=0 */;
/*!40014 SET @OLD_FOREIGN_KEY_CHECKS=@@FOREIGN_KEY_CHECKS, FOREIGN_KEY_CHECKS=0 */;
/*!40101 SET @OLD_SQL_MODE=@@SQL_MODE, SQL_MODE='NO_AUTO_VALUE_ON_ZERO' */;
/*!40111 SET @OLD_SQL_NOTES=@@SQL_NOTES, SQL_NOTES=0 */;

--
-- Table structure for table `class_inventory`
--

DROP TABLE IF EXISTS `class_inventory`;
/*!40101 SET @saved_cs_client     = @@character_set_client */;
 SET character_set_client = utf8mb4 ;
CREATE TABLE `class_inventory` (
  `pi_id` int(11) NOT NULL COMMENT 'Package Inventory Identifier',
  `ci_id` int(11) NOT NULL COMMENT 'Class Inventory Identifier',
  `ci_name` varchar(500) NOT NULL COMMENT 'Class Inventory Name',
  PRIMARY KEY (`pi_id`,`ci_id`),
  CONSTRAINT `fk_pi_id_ci` FOREIGN KEY (`pi_id`) REFERENCES `package_inventory` (`pi_id`) ON UPDATE CASCADE
) ENGINE=InnoDB DEFAULT CHARSET=utf8mb4 COLLATE=utf8mb4_0900_ai_ci;
/*!40101 SET character_set_client = @saved_cs_client */;

--
-- Dumping data for table `class_inventory`
--

LOCK TABLES `class_inventory` WRITE;
/*!40000 ALTER TABLE `class_inventory` DISABLE KEYS */;
INSERT INTO `class_inventory` VALUES (1,1,'Configuration.java'),(1,2,'JavaClasses.java'),(2,1,'ClassMethodController.java'),(2,2,'DatabaseOperationsController.java'),(2,3,'ProjectExceptionController.java'),(3,1,'Database.java'),(4,1,'ForensicReadyLogger.java'),(5,1,'ClassMethod.java'),(5,2,'ClassMethodDatabase.java'),(5,3,'DatabaseClass.java'),(5,4,'DatabaseMethod.java'),(5,5,'DatabaseOperationsDatabase.java'),(5,6,'Dbms.java'),(5,7,'ProgrammingLanguage.java'),(5,8,'ProjectException.java'),(5,9,'ProjectExceptionDatabase.java');
/*!40000 ALTER TABLE `class_inventory` ENABLE KEYS */;
UNLOCK TABLES;

--
-- Table structure for table `class_method`
--

DROP TABLE IF EXISTS `class_method`;
/*!40101 SET @saved_cs_client     = @@character_set_client */;
 SET character_set_client = utf8mb4 ;
CREATE TABLE `class_method` (
  `cm_id` int(11) NOT NULL COMMENT 'Class Method Identifier',
  `cm_package_name` varchar(1000) NOT NULL COMMENT 'Class Method Package Name',
  `cm_class_name` varchar(1000) NOT NULL COMMENT 'Class Method Class Name',
  `cm_full_method_name` varchar(1000) NOT NULL COMMENT 'Class Method Full Method Name',
  `cm_short_method_name` varchar(1000) NOT NULL COMMENT 'Class Method Short Method Name',
  `cm_return_type_1` varchar(1000) DEFAULT NULL COMMENT 'Class Method Return Type 1',
  `cm_return_type_2` varchar(1000) DEFAULT NULL COMMENT 'Class Method Return Type 2',
  `cm_filename` varchar(5000) NOT NULL COMMENT 'Class Method FileName',
  `cm_start_line_number` int(11) NOT NULL COMMENT 'Class Method Starting Line Number',
  `cm_end_line_number` int(11) DEFAULT NULL COMMENT 'Class Method Ending Line Number',
  `cm_text_filename` varchar(5000) DEFAULT NULL COMMENT 'Class Method Text FileName',
  PRIMARY KEY (`cm_id`)
) ENGINE=InnoDB DEFAULT CHARSET=utf8mb4 COLLATE=utf8mb4_0900_ai_ci;
/*!40101 SET character_set_client = @saved_cs_client */;

--
-- Dumping data for table `class_method`
--

LOCK TABLES `class_method` WRITE;
/*!40000 ALTER TABLE `class_method` DISABLE KEYS */;
INSERT INTO `class_method` VALUES (1,'test','TestTravelRequestDb','public static void main','main','void','','/Users/fannyriveraortiz/Desktop/Input/HRMApplication/src/test/TestTravelRequestDb.java',12,131,'main.txt'),(2,'test','TestLoginDb','public static void main','main','void','','/Users/fannyriveraortiz/Desktop/Input/HRMApplication/src/test/TestLoginDb.java',18,90,'main.txt'),(3,'test','TestUserDb','public static void main','main','void','','/Users/fannyriveraortiz/Desktop/Input/HRMApplication/src/test/TestUserDb.java',16,130,'main.txt'),(4,'test','TestModuleDb','public static void main','main','void','','/Users/fannyriveraortiz/Desktop/Input/HRMApplication/src/test/TestModuleDb.java',15,115,'main.txt'),(5,'test','TestEmployeeDb','public static void main','main','void','','/Users/fannyriveraortiz/Desktop/Input/HRMApplication/src/test/TestEmployeeDb.java',22,158,'main.txt'),(6,'controller','TravelRequestController','public void load','load','void','','/Users/fannyriveraortiz/Desktop/Input/HRMApplication/src/controller/TravelRequestController.java',371,385,'load.txt'),(7,'controller','TravelRequestController','public void load','load','void','','/Users/fannyriveraortiz/Desktop/Input/HRMApplication/src/controller/TravelRequestController.java',386,385,'load1.txt'),(8,'controller','TravelRequestController','public void delete','delete','void','','/Users/fannyriveraortiz/Desktop/Input/HRMApplication/src/controller/TravelRequestController.java',137,136,'delete.txt'),(9,'controller','TravelRequestController','public void delete','delete','void','','/Users/fannyriveraortiz/Desktop/Input/HRMApplication/src/controller/TravelRequestController.java',257,370,'delete1.txt'),(10,'controller','TravelRequestController','public void save','save','void','','/Users/fannyriveraortiz/Desktop/Input/HRMApplication/src/controller/TravelRequestController.java',142,256,'save.txt'),(11,'controller','TravelRequestController','public int maxNumTravelRequest','maxNumTravelRequest','int','','/Users/fannyriveraortiz/Desktop/Input/HRMApplication/src/controller/TravelRequestController.java',518,538,'maxNumTravelRequest.txt'),(12,'controller','TravelRequestController','public List<TravelRequest> getTravelRequests','getTravelRequests','List','<model.TravelRequest>','/Users/fannyriveraortiz/Desktop/Input/HRMApplication/src/controller/TravelRequestController.java',27,32,'getTravelRequests.txt'),(13,'controller','TravelRequestController','public void addTravelRequest','addTravelRequest','void','','/Users/fannyriveraortiz/Desktop/Input/HRMApplication/src/controller/TravelRequestController.java',33,136,'addTravelRequest.txt'),(14,'controller','TravelRequestController','public void deleteTravelRequest','deleteTravelRequest','void','','/Users/fannyriveraortiz/Desktop/Input/HRMApplication/src/controller/TravelRequestController.java',137,141,'deleteTravelRequest.txt'),(15,'controller','TravelRequestController','public void loadTravelRequest','loadTravelRequest','void','','/Users/fannyriveraortiz/Desktop/Input/HRMApplication/src/controller/TravelRequestController.java',386,390,'loadTravelRequest.txt'),(16,'controller','TravelRequestController','public ArrayList<Employee> loadFullNameEmployees','loadFullNameEmployees','ArrayList','<model.Employee>','/Users/fannyriveraortiz/Desktop/Input/HRMApplication/src/controller/TravelRequestController.java',391,409,'loadFullNameEmployees.txt'),(17,'controller','TravelRequestController','public boolean validateTravelRequestFields','validateTravelRequestFields','boolean','','/Users/fannyriveraortiz/Desktop/Input/HRMApplication/src/controller/TravelRequestController.java',410,476,'validateTravelRequestFields.txt'),(18,'controller','TravelRequestController','public boolean validateTravelReturnDates','validateTravelReturnDates','boolean','','/Users/fannyriveraortiz/Desktop/Input/HRMApplication/src/controller/TravelRequestController.java',477,500,'validateTravelReturnDates.txt'),(19,'controller','TravelRequestController','public boolean validateTotalFunding','validateTotalFunding','boolean','','/Users/fannyriveraortiz/Desktop/Input/HRMApplication/src/controller/TravelRequestController.java',501,517,'validateTotalFunding.txt'),(20,'controller','EmployeeController','public void load','load','void','','/Users/fannyriveraortiz/Desktop/Input/HRMApplication/src/controller/EmployeeController.java',280,295,'load.txt'),(21,'controller','EmployeeController','public void load','load','void','','/Users/fannyriveraortiz/Desktop/Input/HRMApplication/src/controller/EmployeeController.java',296,295,'load1.txt'),(22,'controller','EmployeeController','public void delete','delete','void','','/Users/fannyriveraortiz/Desktop/Input/HRMApplication/src/controller/EmployeeController.java',105,104,'delete.txt'),(23,'controller','EmployeeController','public void delete','delete','void','','/Users/fannyriveraortiz/Desktop/Input/HRMApplication/src/controller/EmployeeController.java',194,279,'delete1.txt'),(24,'controller','EmployeeController','public void save','save','void','','/Users/fannyriveraortiz/Desktop/Input/HRMApplication/src/controller/EmployeeController.java',110,193,'save.txt'),(25,'controller','EmployeeController','public List<Employee> getEmployees','getEmployees','List','<model.Employee>','/Users/fannyriveraortiz/Desktop/Input/HRMApplication/src/controller/EmployeeController.java',25,30,'getEmployees.txt'),(26,'controller','EmployeeController','public void addEmployee','addEmployee','void','','/Users/fannyriveraortiz/Desktop/Input/HRMApplication/src/controller/EmployeeController.java',31,104,'addEmployee.txt'),(27,'controller','EmployeeController','public void deleteEmployee','deleteEmployee','void','','/Users/fannyriveraortiz/Desktop/Input/HRMApplication/src/controller/EmployeeController.java',105,109,'deleteEmployee.txt'),(28,'controller','EmployeeController','public void loadEmployee','loadEmployee','void','','/Users/fannyriveraortiz/Desktop/Input/HRMApplication/src/controller/EmployeeController.java',296,300,'loadEmployee.txt'),(29,'controller','EmployeeController','public ArrayList<Employee> loadSupervisors','loadSupervisors','ArrayList','<model.Employee>','/Users/fannyriveraortiz/Desktop/Input/HRMApplication/src/controller/EmployeeController.java',301,317,'loadSupervisors.txt'),(30,'controller','EmployeeController','public boolean validateEmployeeFields','validateEmployeeFields','boolean','','/Users/fannyriveraortiz/Desktop/Input/HRMApplication/src/controller/EmployeeController.java',318,385,'validateEmployeeFields.txt'),(31,'controller','EmployeeController','public boolean validateSupervisor','validateSupervisor','boolean','','/Users/fannyriveraortiz/Desktop/Input/HRMApplication/src/controller/EmployeeController.java',386,418,'validateSupervisor.txt'),(32,'controller','EmployeeController','public boolean validateDobJdDates','validateDobJdDates','boolean','','/Users/fannyriveraortiz/Desktop/Input/HRMApplication/src/controller/EmployeeController.java',419,443,'validateDobJdDates.txt'),(33,'controller','EmployeeController','public boolean validateJdTdDates','validateJdTdDates','boolean','','/Users/fannyriveraortiz/Desktop/Input/HRMApplication/src/controller/EmployeeController.java',444,468,'validateJdTdDates.txt'),(34,'controller','EmployeeController','public boolean validateDeleteEmployee1','validateDeleteEmployee1','boolean','','/Users/fannyriveraortiz/Desktop/Input/HRMApplication/src/controller/EmployeeController.java',469,556,'validateDeleteEmployee1.txt'),(35,'controller','EmployeeController','public boolean validateFullName','validateFullName','boolean','','/Users/fannyriveraortiz/Desktop/Input/HRMApplication/src/controller/EmployeeController.java',557,647,'validateFullName.txt'),(36,'controller','EmployeeController','public int maxNumEmployee','maxNumEmployee','int','','/Users/fannyriveraortiz/Desktop/Input/HRMApplication/src/controller/EmployeeController.java',648,669,'maxNumEmployee.txt'),(37,'controller','EmployeeController','public boolean validateDeleteEmployee2','validateDeleteEmployee2','boolean','','/Users/fannyriveraortiz/Desktop/Input/HRMApplication/src/controller/EmployeeController.java',670,756,'validateDeleteEmployee2.txt'),(38,'controller','ModuleController','public String[] getModules','getModules','Class','String','/Users/fannyriveraortiz/Desktop/Input/HRMApplication/src/controller/ModuleController.java',35,79,'getModules.txt'),(39,'controller','ModuleController','public String[][] getSubModules','getSubModules','Class','String','/Users/fannyriveraortiz/Desktop/Input/HRMApplication/src/controller/ModuleController.java',80,125,'getSubModules.txt'),(40,'controller','ModuleController','public void saveModules','saveModules','void','','/Users/fannyriveraortiz/Desktop/Input/HRMApplication/src/controller/ModuleController.java',19,34,'saveModules.txt'),(41,'controller','UserController','public void load','load','void','','/Users/fannyriveraortiz/Desktop/Input/HRMApplication/src/controller/UserController.java',180,195,'load.txt'),(42,'controller','UserController','public void load','load','void','','/Users/fannyriveraortiz/Desktop/Input/HRMApplication/src/controller/UserController.java',196,195,'load1.txt'),(43,'controller','UserController','public void delete','delete','void','','/Users/fannyriveraortiz/Desktop/Input/HRMApplication/src/controller/UserController.java',69,68,'delete.txt'),(44,'controller','UserController','public void delete','delete','void','','/Users/fannyriveraortiz/Desktop/Input/HRMApplication/src/controller/UserController.java',128,179,'delete1.txt'),(45,'controller','UserController','public void save','save','void','','/Users/fannyriveraortiz/Desktop/Input/HRMApplication/src/controller/UserController.java',74,127,'save.txt'),(46,'controller','UserController','public List<User> getUsers','getUsers','List','<model.User>','/Users/fannyriveraortiz/Desktop/Input/HRMApplication/src/controller/UserController.java',22,27,'getUsers.txt'),(47,'controller','UserController','public void addUser','addUser','void','','/Users/fannyriveraortiz/Desktop/Input/HRMApplication/src/controller/UserController.java',28,68,'addUser.txt'),(48,'controller','UserController','public void deleteUser','deleteUser','void','','/Users/fannyriveraortiz/Desktop/Input/HRMApplication/src/controller/UserController.java',69,73,'deleteUser.txt'),(49,'controller','UserController','public void loadUser','loadUser','void','','/Users/fannyriveraortiz/Desktop/Input/HRMApplication/src/controller/UserController.java',196,210,'loadUser.txt'),(50,'controller','UserController','public boolean validateUserFields','validateUserFields','boolean','','/Users/fannyriveraortiz/Desktop/Input/HRMApplication/src/controller/UserController.java',230,229,'validateUserFields.txt'),(51,'controller','UserController','public boolean validateEmployee','validateEmployee','boolean','','/Users/fannyriveraortiz/Desktop/Input/HRMApplication/src/controller/UserController.java',267,322,'validateEmployee.txt'),(52,'controller','UserController','public boolean validatePassword','validatePassword','boolean','','/Users/fannyriveraortiz/Desktop/Input/HRMApplication/src/controller/UserController.java',323,340,'validatePassword.txt'),(53,'controller','UserController','public boolean validateUserName','validateUserName','boolean','','/Users/fannyriveraortiz/Desktop/Input/HRMApplication/src/controller/UserController.java',341,340,'validateUserName.txt'),(54,'controller','UserController','public boolean validateEmail','validateEmail','boolean','','/Users/fannyriveraortiz/Desktop/Input/HRMApplication/src/controller/UserController.java',398,454,'validateEmail.txt'),(55,'controller','UserController','public boolean validateDeleteUser','validateDeleteUser','boolean','','/Users/fannyriveraortiz/Desktop/Input/HRMApplication/src/controller/UserController.java',455,511,'validateDeleteUser.txt'),(56,'controller','UserController','public boolean validateUser','validateUser','boolean','','/Users/fannyriveraortiz/Desktop/Input/HRMApplication/src/controller/UserController.java',230,266,'validateUser.txt'),(57,'controller','UserController','public boolean validateUser','validateUser','boolean','','/Users/fannyriveraortiz/Desktop/Input/HRMApplication/src/controller/UserController.java',341,397,'validateUser1.txt'),(58,'controller','UserController','public boolean validateUser','validateUser','boolean','','/Users/fannyriveraortiz/Desktop/Input/HRMApplication/src/controller/UserController.java',512,540,'validateUser2.txt'),(59,'controller','UserController','public ArrayList<Employee> loadFullNameEmployees','loadFullNameEmployees','ArrayList','<model.Employee>','/Users/fannyriveraortiz/Desktop/Input/HRMApplication/src/controller/UserController.java',211,229,'loadFullNameEmployees.txt'),(60,'controller','UserController','public UserLevel getUserLevel','getUserLevel','Class','model.UserLevel','/Users/fannyriveraortiz/Desktop/Input/HRMApplication/src/controller/UserController.java',541,570,'getUserLevel.txt'),(61,'gui','UserToolBar','public UserToolBar','UserToolBar','Constructor','','/Users/fannyriveraortiz/Desktop/Input/HRMApplication/src/gui/UserToolBar.java',23,34,'UserToolBar.txt'),(62,'gui','UserToolBar','public UserToolBar','UserToolBar','Constructor','','/Users/fannyriveraortiz/Desktop/Input/HRMApplication/src/gui/UserToolBar.java',35,64,'UserToolBar1.txt'),(63,'gui','UserToolBar','public void setUserToolBarListener','setUserToolBarListener','void','','/Users/fannyriveraortiz/Desktop/Input/HRMApplication/src/gui/UserToolBar.java',65,71,'setUserToolBarListener.txt'),(64,'gui','UserToolBar','public void actionPerformed','actionPerformed','void','','/Users/fannyriveraortiz/Desktop/Input/HRMApplication/src/gui/UserToolBar.java',72,87,'actionPerformed.txt'),(65,'gui','UserFormEvent','public UserFormEvent','UserFormEvent','Constructor','','/Users/fannyriveraortiz/Desktop/Input/HRMApplication/src/gui/UserFormEvent.java',16,21,'UserFormEvent.txt'),(66,'gui','UserFormEvent','public UserFormEvent','UserFormEvent','Constructor','','/Users/fannyriveraortiz/Desktop/Input/HRMApplication/src/gui/UserFormEvent.java',22,34,'UserFormEvent1.txt'),(67,'gui','UserFormEvent','public UserFormEvent','UserFormEvent','Constructor','','/Users/fannyriveraortiz/Desktop/Input/HRMApplication/src/gui/UserFormEvent.java',35,46,'UserFormEvent2.txt'),(68,'gui','UserFormEvent','public UserFormEvent','UserFormEvent','Constructor','','/Users/fannyriveraortiz/Desktop/Input/HRMApplication/src/gui/UserFormEvent.java',47,53,'UserFormEvent3.txt'),(69,'gui','UserFormEvent','public int getId','getId','int','','/Users/fannyriveraortiz/Desktop/Input/HRMApplication/src/gui/UserFormEvent.java',54,59,'getId.txt'),(70,'gui','UserFormEvent','public void setUserLevel','setUserLevel','void','','/Users/fannyriveraortiz/Desktop/Input/HRMApplication/src/gui/UserFormEvent.java',121,124,'setUserLevel.txt'),(71,'gui','UserFormEvent','public void setUserName','setUserName','void','','/Users/fannyriveraortiz/Desktop/Input/HRMApplication/src/gui/UserFormEvent.java',71,75,'setUserName.txt'),(72,'gui','UserFormEvent','public String getEmail','getEmail','Class','String','/Users/fannyriveraortiz/Desktop/Input/HRMApplication/src/gui/UserFormEvent.java',106,110,'getEmail.txt'),(73,'gui','UserFormEvent','public String getConfirmPassword','getConfirmPassword','Class','String','/Users/fannyriveraortiz/Desktop/Input/HRMApplication/src/gui/UserFormEvent.java',86,90,'getConfirmPassword.txt'),(74,'gui','UserFormEvent','public void setPassword','setPassword','void','','/Users/fannyriveraortiz/Desktop/Input/HRMApplication/src/gui/UserFormEvent.java',81,85,'setPassword.txt'),(75,'gui','UserFormEvent','public void setconfirmPassword','setconfirmPassword','void','','/Users/fannyriveraortiz/Desktop/Input/HRMApplication/src/gui/UserFormEvent.java',91,95,'setconfirmPassword.txt'),(76,'gui','UserFormEvent','public void setEmail','setEmail','void','','/Users/fannyriveraortiz/Desktop/Input/HRMApplication/src/gui/UserFormEvent.java',111,115,'setEmail.txt'),(77,'gui','UserFormEvent','public String getPassword','getPassword','Class','String','/Users/fannyriveraortiz/Desktop/Input/HRMApplication/src/gui/UserFormEvent.java',76,80,'getPassword.txt'),(78,'gui','UserFormEvent','public String getUserName','getUserName','Class','String','/Users/fannyriveraortiz/Desktop/Input/HRMApplication/src/gui/UserFormEvent.java',66,70,'getUserName.txt'),(79,'gui','UserFormEvent','public void setId','setId','void','','/Users/fannyriveraortiz/Desktop/Input/HRMApplication/src/gui/UserFormEvent.java',60,65,'setId.txt'),(80,'gui','UserFormEvent','public String getEmployee','getEmployee','Class','String','/Users/fannyriveraortiz/Desktop/Input/HRMApplication/src/gui/UserFormEvent.java',96,100,'getEmployee.txt'),(81,'gui','UserFormEvent','public void setEmployee','setEmployee','void','','/Users/fannyriveraortiz/Desktop/Input/HRMApplication/src/gui/UserFormEvent.java',101,105,'setEmployee.txt'),(82,'gui','UserFormEvent','public String getUserLevel','getUserLevel','Class','String','/Users/fannyriveraortiz/Desktop/Input/HRMApplication/src/gui/UserFormEvent.java',116,120,'getUserLevel.txt'),(83,'gui','UserTableModel','public UserTableModel','UserTableModel','Constructor','','/Users/fannyriveraortiz/Desktop/Input/HRMApplication/src/gui/UserTableModel.java',18,23,'UserTableModel.txt'),(84,'gui','UserTableModel','public int getColumnCount','getColumnCount','int','','/Users/fannyriveraortiz/Desktop/Input/HRMApplication/src/gui/UserTableModel.java',44,49,'getColumnCount.txt'),(85,'gui','UserTableModel','public void setDataUser','setDataUser','void','','/Users/fannyriveraortiz/Desktop/Input/HRMApplication/src/gui/UserTableModel.java',31,37,'setDataUser.txt'),(86,'gui','UserTableModel','public int getRowCount','getRowCount','int','','/Users/fannyriveraortiz/Desktop/Input/HRMApplication/src/gui/UserTableModel.java',38,43,'getRowCount.txt'),(87,'gui','UserTableModel','public Object getValueAt','getValueAt','Class','Object','/Users/fannyriveraortiz/Desktop/Input/HRMApplication/src/gui/UserTableModel.java',50,72,'getValueAt.txt'),(88,'gui','UserTableModel','public String getColumnName','getColumnName','Class','String','/Users/fannyriveraortiz/Desktop/Input/HRMApplication/src/gui/UserTableModel.java',24,30,'getColumnName.txt'),(89,'gui','UserFrame','public UserFrame','UserFrame','Constructor','','/Users/fannyriveraortiz/Desktop/Input/HRMApplication/src/gui/UserFrame.java',36,349,'UserFrame.txt'),(90,'gui','UserFrame','public boolean validateEmployee','validateEmployee','boolean','','/Users/fannyriveraortiz/Desktop/Input/HRMApplication/src/gui/UserFrame.java',557,573,'validateEmployee.txt'),(91,'gui','UserFrame','public boolean validateUserName','validateUserName','boolean','','/Users/fannyriveraortiz/Desktop/Input/HRMApplication/src/gui/UserFrame.java',574,592,'validateUserName.txt'),(92,'gui','UserFrame','public boolean validateEmail','validateEmail','boolean','','/Users/fannyriveraortiz/Desktop/Input/HRMApplication/src/gui/UserFrame.java',593,608,'validateEmail.txt'),(93,'gui','UserFrame','public boolean validateDeleteUser','validateDeleteUser','boolean','','/Users/fannyriveraortiz/Desktop/Input/HRMApplication/src/gui/UserFrame.java',609,627,'validateDeleteUser.txt'),(94,'gui','UserFrame','public void loadingUsers','loadingUsers','void','','/Users/fannyriveraortiz/Desktop/Input/HRMApplication/src/gui/UserFrame.java',490,506,'loadingUsers.txt'),(95,'gui','UserFrame','public JMenuBar createUserMenuBar','createUserMenuBar','Class','JMenuBar','/Users/fannyriveraortiz/Desktop/Input/HRMApplication/src/gui/UserFrame.java',350,449,'createUserMenuBar.txt'),(96,'gui','UserFrame','public void refreshUser','refreshUser','void','','/Users/fannyriveraortiz/Desktop/Input/HRMApplication/src/gui/UserFrame.java',450,489,'refreshUser.txt'),(97,'gui','UserFrame','public void disableFieldsUsers','disableFieldsUsers','void','','/Users/fannyriveraortiz/Desktop/Input/HRMApplication/src/gui/UserFrame.java',507,531,'disableFieldsUsers.txt'),(98,'gui','UserFrame','public void enableFieldsUsers','enableFieldsUsers','void','','/Users/fannyriveraortiz/Desktop/Input/HRMApplication/src/gui/UserFrame.java',532,556,'enableFieldsUsers.txt'),(99,'gui','LoginFormPanel','public LoginFormPanel','LoginFormPanel','Constructor','','/Users/fannyriveraortiz/Desktop/Input/HRMApplication/src/gui/LoginFormPanel.java',27,86,'LoginFormPanel.txt'),(100,'gui','LoginFormPanel','public void setLoginFormPanelListener','setLoginFormPanelListener','void','','/Users/fannyriveraortiz/Desktop/Input/HRMApplication/src/gui/LoginFormPanel.java',144,148,'setLoginFormPanelListener.txt'),(101,'gui','LoginFormPanel','public void layoutComponents','layoutComponents','void','','/Users/fannyriveraortiz/Desktop/Input/HRMApplication/src/gui/LoginFormPanel.java',87,143,'layoutComponents.txt'),(102,'gui','EmployeeTableModel','public EmployeeTableModel','EmployeeTableModel','Constructor','','/Users/fannyriveraortiz/Desktop/Input/HRMApplication/src/gui/EmployeeTableModel.java',20,25,'EmployeeTableModel.txt'),(103,'gui','EmployeeTableModel','public int getColumnCount','getColumnCount','int','','/Users/fannyriveraortiz/Desktop/Input/HRMApplication/src/gui/EmployeeTableModel.java',45,50,'getColumnCount.txt'),(104,'gui','EmployeeTableModel','public int getRowCount','getRowCount','int','','/Users/fannyriveraortiz/Desktop/Input/HRMApplication/src/gui/EmployeeTableModel.java',39,44,'getRowCount.txt'),(105,'gui','EmployeeTableModel','public Object getValueAt','getValueAt','Class','Object','/Users/fannyriveraortiz/Desktop/Input/HRMApplication/src/gui/EmployeeTableModel.java',51,89,'getValueAt.txt'),(106,'gui','EmployeeTableModel','public void setDataEmployee','setDataEmployee','void','','/Users/fannyriveraortiz/Desktop/Input/HRMApplication/src/gui/EmployeeTableModel.java',32,38,'setDataEmployee.txt'),(107,'gui','EmployeeTableModel','public String getColumnName','getColumnName','Class','String','/Users/fannyriveraortiz/Desktop/Input/HRMApplication/src/gui/EmployeeTableModel.java',26,31,'getColumnName.txt'),(108,'gui','LoginFrame','public LoginFrame','LoginFrame','Constructor','','/Users/fannyriveraortiz/Desktop/Input/HRMApplication/src/gui/LoginFrame.java',26,104,'LoginFrame.txt'),(109,'gui','LoginFrame','public boolean validateUser','validateUser','boolean','','/Users/fannyriveraortiz/Desktop/Input/HRMApplication/src/gui/LoginFrame.java',105,124,'validateUser.txt'),(110,'gui','LoginFrame','public UserLevel getUserLevel','getUserLevel','Class','model.UserLevel','/Users/fannyriveraortiz/Desktop/Input/HRMApplication/src/gui/LoginFrame.java',125,144,'getUserLevel.txt'),(111,'gui','ModuleFormEvent','public ModuleFormEvent','ModuleFormEvent','Constructor','','/Users/fannyriveraortiz/Desktop/Input/HRMApplication/src/gui/ModuleFormEvent.java',11,15,'ModuleFormEvent.txt'),(112,'gui','ModuleFormEvent','public ModuleFormEvent','ModuleFormEvent','Constructor','','/Users/fannyriveraortiz/Desktop/Input/HRMApplication/src/gui/ModuleFormEvent.java',16,25,'ModuleFormEvent1.txt'),(113,'gui','ModuleFormEvent','public String getModuleName','getModuleName','Class','String','/Users/fannyriveraortiz/Desktop/Input/HRMApplication/src/gui/ModuleFormEvent.java',26,30,'getModuleName.txt'),(114,'gui','ModuleFormEvent','public void setModuleName','setModuleName','void','','/Users/fannyriveraortiz/Desktop/Input/HRMApplication/src/gui/ModuleFormEvent.java',31,35,'setModuleName.txt'),(115,'gui','ModuleFormEvent','public String getSubModuleName','getSubModuleName','Class','String','/Users/fannyriveraortiz/Desktop/Input/HRMApplication/src/gui/ModuleFormEvent.java',36,40,'getSubModuleName.txt'),(116,'gui','ModuleFormEvent','public void setSubModuleName','setSubModuleName','void','','/Users/fannyriveraortiz/Desktop/Input/HRMApplication/src/gui/ModuleFormEvent.java',41,45,'setSubModuleName.txt'),(117,'gui','ModuleFormEvent','public void setUserLevel','setUserLevel','void','','/Users/fannyriveraortiz/Desktop/Input/HRMApplication/src/gui/ModuleFormEvent.java',51,55,'setUserLevel.txt'),(118,'gui','ModuleFormEvent','public String getUserLevel','getUserLevel','Class','String','/Users/fannyriveraortiz/Desktop/Input/HRMApplication/src/gui/ModuleFormEvent.java',46,50,'getUserLevel.txt'),(119,'gui','UserFormPanel','public UserFormPanel','UserFormPanel','Constructor','','/Users/fannyriveraortiz/Desktop/Input/HRMApplication/src/gui/UserFormPanel.java',67,295,'UserFormPanel.txt'),(120,'gui','UserFormPanel','public void setUserFormListener','setUserFormListener','void','','/Users/fannyriveraortiz/Desktop/Input/HRMApplication/src/gui/UserFormPanel.java',460,464,'setUserFormListener.txt'),(121,'gui','UserFormPanel','public void cleanFields','cleanFields','void','','/Users/fannyriveraortiz/Desktop/Input/HRMApplication/src/gui/UserFormPanel.java',465,474,'cleanFields.txt'),(122,'gui','UserFormPanel','public void loadEmployees','loadEmployees','void','','/Users/fannyriveraortiz/Desktop/Input/HRMApplication/src/gui/UserFormPanel.java',475,504,'loadEmployees.txt'),(123,'gui','UserFormPanel','public void layoutComponents','layoutComponents','void','','/Users/fannyriveraortiz/Desktop/Input/HRMApplication/src/gui/UserFormPanel.java',296,459,'layoutComponents.txt'),(124,'gui','TravelRequestTableModel','public TravelRequestTableModel','TravelRequestTableModel','Constructor','','/Users/fannyriveraortiz/Desktop/Input/HRMApplication/src/gui/TravelRequestTableModel.java',20,25,'TravelRequestTableModel.txt'),(125,'gui','TravelRequestTableModel','public int getColumnCount','getColumnCount','int','','/Users/fannyriveraortiz/Desktop/Input/HRMApplication/src/gui/TravelRequestTableModel.java',45,50,'getColumnCount.txt'),(126,'gui','TravelRequestTableModel','public int getRowCount','getRowCount','int','','/Users/fannyriveraortiz/Desktop/Input/HRMApplication/src/gui/TravelRequestTableModel.java',39,44,'getRowCount.txt'),(127,'gui','TravelRequestTableModel','public Object getValueAt','getValueAt','Class','Object','/Users/fannyriveraortiz/Desktop/Input/HRMApplication/src/gui/TravelRequestTableModel.java',51,89,'getValueAt.txt'),(128,'gui','TravelRequestTableModel','public String getColumnName','getColumnName','Class','String','/Users/fannyriveraortiz/Desktop/Input/HRMApplication/src/gui/TravelRequestTableModel.java',26,31,'getColumnName.txt'),(129,'gui','TravelRequestTableModel','public void setDataTravelRequest','setDataTravelRequest','void','','/Users/fannyriveraortiz/Desktop/Input/HRMApplication/src/gui/TravelRequestTableModel.java',32,38,'setDataTravelRequest.txt'),(130,'gui','TravelRequestFormPanel','public TravelRequestFormPanel','TravelRequestFormPanel','Constructor','','/Users/fannyriveraortiz/Desktop/Input/HRMApplication/src/gui/TravelRequestFormPanel.java',84,415,'TravelRequestFormPanel.txt'),(131,'gui','TravelRequestFormPanel','public void cleanFields','cleanFields','void','','/Users/fannyriveraortiz/Desktop/Input/HRMApplication/src/gui/TravelRequestFormPanel.java',700,717,'cleanFields.txt'),(132,'gui','TravelRequestFormPanel','public void assignDefaultValues','assignDefaultValues','void','','/Users/fannyriveraortiz/Desktop/Input/HRMApplication/src/gui/TravelRequestFormPanel.java',749,776,'assignDefaultValues.txt'),(133,'gui','TravelRequestFormPanel','public void setTravelRequestFormListener','setTravelRequestFormListener','void','','/Users/fannyriveraortiz/Desktop/Input/HRMApplication/src/gui/TravelRequestFormPanel.java',695,699,'setTravelRequestFormListener.txt'),(134,'gui','TravelRequestFormPanel','public void assignTravelRequestNumber','assignTravelRequestNumber','void','','/Users/fannyriveraortiz/Desktop/Input/HRMApplication/src/gui/TravelRequestFormPanel.java',777,820,'assignTravelRequestNumber.txt'),(135,'gui','TravelRequestFormPanel','public void loadEmployees','loadEmployees','void','','/Users/fannyriveraortiz/Desktop/Input/HRMApplication/src/gui/TravelRequestFormPanel.java',718,748,'loadEmployees.txt'),(136,'gui','TravelRequestFormPanel','public void layoutComponents','layoutComponents','void','','/Users/fannyriveraortiz/Desktop/Input/HRMApplication/src/gui/TravelRequestFormPanel.java',416,694,'layoutComponents.txt'),(137,'gui','HRMApp','public static void main','main','void','','/Users/fannyriveraortiz/Desktop/Input/HRMApplication/src/gui/HRMApp.java',6,20,'main.txt'),(138,'gui','EmployeeTablePanel','public EmployeeTablePanel','EmployeeTablePanel','Constructor','','/Users/fannyriveraortiz/Desktop/Input/HRMApplication/src/gui/EmployeeTablePanel.java',37,144,'EmployeeTablePanel.txt'),(139,'gui','EmployeeTablePanel','public void refresh','refresh','void','','/Users/fannyriveraortiz/Desktop/Input/HRMApplication/src/gui/EmployeeTablePanel.java',152,156,'refresh.txt'),(140,'gui','EmployeeTablePanel','public void setDataEmployee','setDataEmployee','void','','/Users/fannyriveraortiz/Desktop/Input/HRMApplication/src/gui/EmployeeTablePanel.java',145,151,'setDataEmployee.txt'),(141,'gui','EmployeeTablePanel','public void setEmployeeTableListener','setEmployeeTableListener','void','','/Users/fannyriveraortiz/Desktop/Input/HRMApplication/src/gui/EmployeeTablePanel.java',157,161,'setEmployeeTableListener.txt'),(142,'gui','EmployeeTablePanel','public int getEmployeeIdSelected','getEmployeeIdSelected','int','','/Users/fannyriveraortiz/Desktop/Input/HRMApplication/src/gui/EmployeeTablePanel.java',162,169,'getEmployeeIdSelected.txt'),(143,'gui','EmployeeTablePanel','public String getEmployeeStringColSel','getEmployeeStringColSel','Class','String','/Users/fannyriveraortiz/Desktop/Input/HRMApplication/src/gui/EmployeeTablePanel.java',170,286,'getEmployeeStringColSel.txt'),(144,'gui','UserTablePanel','public UserTablePanel','UserTablePanel','Constructor','','/Users/fannyriveraortiz/Desktop/Input/HRMApplication/src/gui/UserTablePanel.java',32,143,'UserTablePanel.txt'),(145,'gui','UserTablePanel','public void setUserTableListener','setUserTableListener','void','','/Users/fannyriveraortiz/Desktop/Input/HRMApplication/src/gui/UserTablePanel.java',156,160,'setUserTableListener.txt'),(146,'gui','UserTablePanel','public String getUserStringColSel','getUserStringColSel','Class','String','/Users/fannyriveraortiz/Desktop/Input/HRMApplication/src/gui/UserTablePanel.java',169,225,'getUserStringColSel.txt'),(147,'gui','UserTablePanel','public void refresh','refresh','void','','/Users/fannyriveraortiz/Desktop/Input/HRMApplication/src/gui/UserTablePanel.java',151,155,'refresh.txt'),(148,'gui','UserTablePanel','public void setDataUser','setDataUser','void','','/Users/fannyriveraortiz/Desktop/Input/HRMApplication/src/gui/UserTablePanel.java',144,150,'setDataUser.txt'),(149,'gui','UserTablePanel','public int getUserIdSelected','getUserIdSelected','int','','/Users/fannyriveraortiz/Desktop/Input/HRMApplication/src/gui/UserTablePanel.java',161,168,'getUserIdSelected.txt'),(150,'gui','TravelRequestFormEvent','public TravelRequestFormEvent','TravelRequestFormEvent','Constructor','','/Users/fannyriveraortiz/Desktop/Input/HRMApplication/src/gui/TravelRequestFormEvent.java',24,29,'TravelRequestFormEvent.txt'),(151,'gui','TravelRequestFormEvent','public TravelRequestFormEvent','TravelRequestFormEvent','Constructor','','/Users/fannyriveraortiz/Desktop/Input/HRMApplication/src/gui/TravelRequestFormEvent.java',30,51,'TravelRequestFormEvent1.txt'),(152,'gui','TravelRequestFormEvent','public TravelRequestFormEvent','TravelRequestFormEvent','Constructor','','/Users/fannyriveraortiz/Desktop/Input/HRMApplication/src/gui/TravelRequestFormEvent.java',52,72,'TravelRequestFormEvent2.txt'),(153,'gui','TravelRequestFormEvent','public int getId','getId','int','','/Users/fannyriveraortiz/Desktop/Input/HRMApplication/src/gui/TravelRequestFormEvent.java',73,78,'getId.txt'),(154,'gui','TravelRequestFormEvent','public String getCurrency','getCurrency','Class','String','/Users/fannyriveraortiz/Desktop/Input/HRMApplication/src/gui/TravelRequestFormEvent.java',193,198,'getCurrency.txt'),(155,'gui','TravelRequestFormEvent','public void setCurrency','setCurrency','void','','/Users/fannyriveraortiz/Desktop/Input/HRMApplication/src/gui/TravelRequestFormEvent.java',199,204,'setCurrency.txt'),(156,'gui','TravelRequestFormEvent','public String getNumber','getNumber','Class','String','/Users/fannyriveraortiz/Desktop/Input/HRMApplication/src/gui/TravelRequestFormEvent.java',85,90,'getNumber.txt'),(157,'gui','TravelRequestFormEvent','public void setId','setId','void','','/Users/fannyriveraortiz/Desktop/Input/HRMApplication/src/gui/TravelRequestFormEvent.java',79,84,'setId.txt'),(158,'gui','TravelRequestFormEvent','public String getEmployee','getEmployee','Class','String','/Users/fannyriveraortiz/Desktop/Input/HRMApplication/src/gui/TravelRequestFormEvent.java',97,102,'getEmployee.txt'),(159,'gui','TravelRequestFormEvent','public String getTransportation','getTransportation','Class','String','/Users/fannyriveraortiz/Desktop/Input/HRMApplication/src/gui/TravelRequestFormEvent.java',109,114,'getTransportation.txt'),(160,'gui','TravelRequestFormEvent','public String getPurpose','getPurpose','Class','String','/Users/fannyriveraortiz/Desktop/Input/HRMApplication/src/gui/TravelRequestFormEvent.java',121,126,'getPurpose.txt'),(161,'gui','TravelRequestFormEvent','public String getTravelFrom','getTravelFrom','Class','String','/Users/fannyriveraortiz/Desktop/Input/HRMApplication/src/gui/TravelRequestFormEvent.java',133,138,'getTravelFrom.txt'),(162,'gui','TravelRequestFormEvent','public String getTravelTo','getTravelTo','Class','String','/Users/fannyriveraortiz/Desktop/Input/HRMApplication/src/gui/TravelRequestFormEvent.java',145,150,'getTravelTo.txt'),(163,'gui','TravelRequestFormEvent','public Date getTravelDate','getTravelDate','Class','Date','/Users/fannyriveraortiz/Desktop/Input/HRMApplication/src/gui/TravelRequestFormEvent.java',157,162,'getTravelDate.txt'),(164,'gui','TravelRequestFormEvent','public Date getReturnDate','getReturnDate','Class','Date','/Users/fannyriveraortiz/Desktop/Input/HRMApplication/src/gui/TravelRequestFormEvent.java',169,174,'getReturnDate.txt'),(165,'gui','TravelRequestFormEvent','public String getNotes','getNotes','Class','String','/Users/fannyriveraortiz/Desktop/Input/HRMApplication/src/gui/TravelRequestFormEvent.java',181,186,'getNotes.txt'),(166,'gui','TravelRequestFormEvent','public float getTotalFunding','getTotalFunding','float','','/Users/fannyriveraortiz/Desktop/Input/HRMApplication/src/gui/TravelRequestFormEvent.java',205,210,'getTotalFunding.txt'),(167,'gui','TravelRequestFormEvent','public String getStatus','getStatus','Class','String','/Users/fannyriveraortiz/Desktop/Input/HRMApplication/src/gui/TravelRequestFormEvent.java',217,222,'getStatus.txt'),(168,'gui','TravelRequestFormEvent','public String getStatus','getStatus','Class','String','/Users/fannyriveraortiz/Desktop/Input/HRMApplication/src/gui/TravelRequestFormEvent.java',229,228,'getStatus1.txt'),(169,'gui','TravelRequestFormEvent','public String getStatusNotes','getStatusNotes','Class','String','/Users/fannyriveraortiz/Desktop/Input/HRMApplication/src/gui/TravelRequestFormEvent.java',229,234,'getStatusNotes.txt'),(170,'gui','TravelRequestFormEvent','public void setEmployee','setEmployee','void','','/Users/fannyriveraortiz/Desktop/Input/HRMApplication/src/gui/TravelRequestFormEvent.java',103,108,'setEmployee.txt'),(171,'gui','TravelRequestFormEvent','public void setTransportation','setTransportation','void','','/Users/fannyriveraortiz/Desktop/Input/HRMApplication/src/gui/TravelRequestFormEvent.java',115,120,'setTransportation.txt'),(172,'gui','TravelRequestFormEvent','public void setPurpose','setPurpose','void','','/Users/fannyriveraortiz/Desktop/Input/HRMApplication/src/gui/TravelRequestFormEvent.java',127,132,'setPurpose.txt'),(173,'gui','TravelRequestFormEvent','public void setTravelFrom','setTravelFrom','void','','/Users/fannyriveraortiz/Desktop/Input/HRMApplication/src/gui/TravelRequestFormEvent.java',139,144,'setTravelFrom.txt'),(174,'gui','TravelRequestFormEvent','public void setTravelTo','setTravelTo','void','','/Users/fannyriveraortiz/Desktop/Input/HRMApplication/src/gui/TravelRequestFormEvent.java',151,156,'setTravelTo.txt'),(175,'gui','TravelRequestFormEvent','public void setTravelDate','setTravelDate','void','','/Users/fannyriveraortiz/Desktop/Input/HRMApplication/src/gui/TravelRequestFormEvent.java',163,168,'setTravelDate.txt'),(176,'gui','TravelRequestFormEvent','public void setReturnDate','setReturnDate','void','','/Users/fannyriveraortiz/Desktop/Input/HRMApplication/src/gui/TravelRequestFormEvent.java',175,180,'setReturnDate.txt'),(177,'gui','TravelRequestFormEvent','public void setNotes','setNotes','void','','/Users/fannyriveraortiz/Desktop/Input/HRMApplication/src/gui/TravelRequestFormEvent.java',187,192,'setNotes.txt'),(178,'gui','TravelRequestFormEvent','public void setTotalFunding','setTotalFunding','void','','/Users/fannyriveraortiz/Desktop/Input/HRMApplication/src/gui/TravelRequestFormEvent.java',211,216,'setTotalFunding.txt'),(179,'gui','TravelRequestFormEvent','public void setStatus','setStatus','void','','/Users/fannyriveraortiz/Desktop/Input/HRMApplication/src/gui/TravelRequestFormEvent.java',223,228,'setStatus.txt'),(180,'gui','TravelRequestFormEvent','public void setStatus','setStatus','void','','/Users/fannyriveraortiz/Desktop/Input/HRMApplication/src/gui/TravelRequestFormEvent.java',235,234,'setStatus1.txt'),(181,'gui','TravelRequestFormEvent','public void setStatusNotes','setStatusNotes','void','','/Users/fannyriveraortiz/Desktop/Input/HRMApplication/src/gui/TravelRequestFormEvent.java',235,239,'setStatusNotes.txt'),(182,'gui','TravelRequestFormEvent','public void setNumber','setNumber','void','','/Users/fannyriveraortiz/Desktop/Input/HRMApplication/src/gui/TravelRequestFormEvent.java',91,96,'setNumber.txt'),(183,'gui','TravelRequestTablePanel','public TravelRequestTablePanel','TravelRequestTablePanel','Constructor','','/Users/fannyriveraortiz/Desktop/Input/HRMApplication/src/gui/TravelRequestTablePanel.java',39,206,'TravelRequestTablePanel.txt'),(184,'gui','TravelRequestTablePanel','public void refresh','refresh','void','','/Users/fannyriveraortiz/Desktop/Input/HRMApplication/src/gui/TravelRequestTablePanel.java',214,218,'refresh.txt'),(185,'gui','TravelRequestTablePanel','public void setTravelRequestTableListener','setTravelRequestTableListener','void','','/Users/fannyriveraortiz/Desktop/Input/HRMApplication/src/gui/TravelRequestTablePanel.java',219,223,'setTravelRequestTableListener.txt'),(186,'gui','TravelRequestTablePanel','public int getTravelRequestIdSelected','getTravelRequestIdSelected','int','','/Users/fannyriveraortiz/Desktop/Input/HRMApplication/src/gui/TravelRequestTablePanel.java',224,231,'getTravelRequestIdSelected.txt'),(187,'gui','TravelRequestTablePanel','public String getTravelRequestStringColSel','getTravelRequestStringColSel','Class','String','/Users/fannyriveraortiz/Desktop/Input/HRMApplication/src/gui/TravelRequestTablePanel.java',232,348,'getTravelRequestStringColSel.txt'),(188,'gui','TravelRequestTablePanel','public void setDataTravelRequest','setDataTravelRequest','void','','/Users/fannyriveraortiz/Desktop/Input/HRMApplication/src/gui/TravelRequestTablePanel.java',207,213,'setDataTravelRequest.txt'),(189,'gui','MainFrame','public MainFrame','MainFrame','Constructor','','/Users/fannyriveraortiz/Desktop/Input/HRMApplication/src/gui/MainFrame.java',40,209,'MainFrame.txt'),(190,'gui','MainFrame','public String[] getModules','getModules','Class','String','/Users/fannyriveraortiz/Desktop/Input/HRMApplication/src/gui/MainFrame.java',344,367,'getModules.txt'),(191,'gui','MainFrame','public String[][] getSubModules','getSubModules','Class','String','/Users/fannyriveraortiz/Desktop/Input/HRMApplication/src/gui/MainFrame.java',368,386,'getSubModules.txt'),(192,'gui','MainFrame','private JMenuBar createMenuBar','createMenuBar','Class','JMenuBar','/Users/fannyriveraortiz/Desktop/Input/HRMApplication/src/gui/MainFrame.java',210,343,'createMenuBar.txt'),(193,'gui','EmployeeFormEvent','public EmployeeFormEvent','EmployeeFormEvent','Constructor','','/Users/fannyriveraortiz/Desktop/Input/HRMApplication/src/gui/EmployeeFormEvent.java',23,28,'EmployeeFormEvent.txt'),(194,'gui','EmployeeFormEvent','public EmployeeFormEvent','EmployeeFormEvent','Constructor','','/Users/fannyriveraortiz/Desktop/Input/HRMApplication/src/gui/EmployeeFormEvent.java',29,51,'EmployeeFormEvent1.txt'),(195,'gui','EmployeeFormEvent','public EmployeeFormEvent','EmployeeFormEvent','Constructor','','/Users/fannyriveraortiz/Desktop/Input/HRMApplication/src/gui/EmployeeFormEvent.java',52,73,'EmployeeFormEvent2.txt'),(196,'gui','EmployeeFormEvent','public int getId','getId','int','','/Users/fannyriveraortiz/Desktop/Input/HRMApplication/src/gui/EmployeeFormEvent.java',74,79,'getId.txt'),(197,'gui','EmployeeFormEvent','public String getNumber','getNumber','Class','String','/Users/fannyriveraortiz/Desktop/Input/HRMApplication/src/gui/EmployeeFormEvent.java',86,90,'getNumber.txt'),(198,'gui','EmployeeFormEvent','public void setId','setId','void','','/Users/fannyriveraortiz/Desktop/Input/HRMApplication/src/gui/EmployeeFormEvent.java',80,85,'setId.txt'),(199,'gui','EmployeeFormEvent','public void setNumber','setNumber','void','','/Users/fannyriveraortiz/Desktop/Input/HRMApplication/src/gui/EmployeeFormEvent.java',91,95,'setNumber.txt'),(200,'gui','EmployeeFormEvent','public String getFirstName','getFirstName','Class','String','/Users/fannyriveraortiz/Desktop/Input/HRMApplication/src/gui/EmployeeFormEvent.java',96,100,'getFirstName.txt'),(201,'gui','EmployeeFormEvent','public void setFirstName','setFirstName','void','','/Users/fannyriveraortiz/Desktop/Input/HRMApplication/src/gui/EmployeeFormEvent.java',101,105,'setFirstName.txt'),(202,'gui','EmployeeFormEvent','public String getMiddleName','getMiddleName','Class','String','/Users/fannyriveraortiz/Desktop/Input/HRMApplication/src/gui/EmployeeFormEvent.java',106,110,'getMiddleName.txt'),(203,'gui','EmployeeFormEvent','public void setMiddleName','setMiddleName','void','','/Users/fannyriveraortiz/Desktop/Input/HRMApplication/src/gui/EmployeeFormEvent.java',111,115,'setMiddleName.txt'),(204,'gui','EmployeeFormEvent','public String getLastName','getLastName','Class','String','/Users/fannyriveraortiz/Desktop/Input/HRMApplication/src/gui/EmployeeFormEvent.java',116,120,'getLastName.txt'),(205,'gui','EmployeeFormEvent','public void setLastName','setLastName','void','','/Users/fannyriveraortiz/Desktop/Input/HRMApplication/src/gui/EmployeeFormEvent.java',121,125,'setLastName.txt'),(206,'gui','EmployeeFormEvent','public Date getDob','getDob','Class','Date','/Users/fannyriveraortiz/Desktop/Input/HRMApplication/src/gui/EmployeeFormEvent.java',126,130,'getDob.txt'),(207,'gui','EmployeeFormEvent','public void setDob','setDob','void','','/Users/fannyriveraortiz/Desktop/Input/HRMApplication/src/gui/EmployeeFormEvent.java',131,135,'setDob.txt'),(208,'gui','EmployeeFormEvent','public String getGender','getGender','Class','String','/Users/fannyriveraortiz/Desktop/Input/HRMApplication/src/gui/EmployeeFormEvent.java',136,140,'getGender.txt'),(209,'gui','EmployeeFormEvent','public void setGender','setGender','void','','/Users/fannyriveraortiz/Desktop/Input/HRMApplication/src/gui/EmployeeFormEvent.java',141,145,'setGender.txt'),(210,'gui','EmployeeFormEvent','public String getMaritalStatus','getMaritalStatus','Class','String','/Users/fannyriveraortiz/Desktop/Input/HRMApplication/src/gui/EmployeeFormEvent.java',146,150,'getMaritalStatus.txt'),(211,'gui','EmployeeFormEvent','public void setMaritalStatus','setMaritalStatus','void','','/Users/fannyriveraortiz/Desktop/Input/HRMApplication/src/gui/EmployeeFormEvent.java',151,155,'setMaritalStatus.txt'),(212,'gui','EmployeeFormEvent','public String getMobilePhone','getMobilePhone','Class','String','/Users/fannyriveraortiz/Desktop/Input/HRMApplication/src/gui/EmployeeFormEvent.java',156,160,'getMobilePhone.txt'),(213,'gui','EmployeeFormEvent','public void setMobilePhone','setMobilePhone','void','','/Users/fannyriveraortiz/Desktop/Input/HRMApplication/src/gui/EmployeeFormEvent.java',161,165,'setMobilePhone.txt'),(214,'gui','EmployeeFormEvent','public Date getJoinedDate','getJoinedDate','Class','Date','/Users/fannyriveraortiz/Desktop/Input/HRMApplication/src/gui/EmployeeFormEvent.java',166,170,'getJoinedDate.txt'),(215,'gui','EmployeeFormEvent','public void setJoinedDate','setJoinedDate','void','','/Users/fannyriveraortiz/Desktop/Input/HRMApplication/src/gui/EmployeeFormEvent.java',171,175,'setJoinedDate.txt'),(216,'gui','EmployeeFormEvent','public Date getTerminatedDate','getTerminatedDate','Class','Date','/Users/fannyriveraortiz/Desktop/Input/HRMApplication/src/gui/EmployeeFormEvent.java',176,180,'getTerminatedDate.txt'),(217,'gui','EmployeeFormEvent','public void setTerminatedDate','setTerminatedDate','void','','/Users/fannyriveraortiz/Desktop/Input/HRMApplication/src/gui/EmployeeFormEvent.java',181,185,'setTerminatedDate.txt'),(218,'gui','EmployeeFormEvent','public String getJobTitle','getJobTitle','Class','String','/Users/fannyriveraortiz/Desktop/Input/HRMApplication/src/gui/EmployeeFormEvent.java',186,190,'getJobTitle.txt'),(219,'gui','EmployeeFormEvent','public void setJobTitle','setJobTitle','void','','/Users/fannyriveraortiz/Desktop/Input/HRMApplication/src/gui/EmployeeFormEvent.java',191,195,'setJobTitle.txt'),(220,'gui','EmployeeFormEvent','public String getDepartment','getDepartment','Class','String','/Users/fannyriveraortiz/Desktop/Input/HRMApplication/src/gui/EmployeeFormEvent.java',196,200,'getDepartment.txt'),(221,'gui','EmployeeFormEvent','public void setDepartment','setDepartment','void','','/Users/fannyriveraortiz/Desktop/Input/HRMApplication/src/gui/EmployeeFormEvent.java',201,205,'setDepartment.txt'),(222,'gui','EmployeeFormEvent','public String getSupervisor','getSupervisor','Class','String','/Users/fannyriveraortiz/Desktop/Input/HRMApplication/src/gui/EmployeeFormEvent.java',206,210,'getSupervisor.txt'),(223,'gui','EmployeeFormEvent','public void setSupervisor','setSupervisor','void','','/Users/fannyriveraortiz/Desktop/Input/HRMApplication/src/gui/EmployeeFormEvent.java',211,214,'setSupervisor.txt'),(224,'gui','PasswordCellRenderer','public PasswordCellRenderer','PasswordCellRenderer','Constructor','','/Users/fannyriveraortiz/Desktop/Input/HRMApplication/src/gui/PasswordCellRenderer.java',11,18,'PasswordCellRenderer.txt'),(225,'gui','PasswordCellRenderer','public Component getTableCellRendererComponent','getTableCellRendererComponent','Class','Component','/Users/fannyriveraortiz/Desktop/Input/HRMApplication/src/gui/PasswordCellRenderer.java',19,31,'getTableCellRendererComponent.txt'),(226,'gui','TravelRequestFrame','public TravelRequestFrame','TravelRequestFrame','Constructor','','/Users/fannyriveraortiz/Desktop/Input/HRMApplication/src/gui/TravelRequestFrame.java',36,395,'TravelRequestFrame.txt'),(227,'gui','TravelRequestFrame','public void loadingTravelRequests','loadingTravelRequests','void','','/Users/fannyriveraortiz/Desktop/Input/HRMApplication/src/gui/TravelRequestFrame.java',611,626,'loadingTravelRequests.txt'),(228,'gui','TravelRequestFrame','public JMenuBar createEmployeeMenuBar','createEmployeeMenuBar','Class','JMenuBar','/Users/fannyriveraortiz/Desktop/Input/HRMApplication/src/gui/TravelRequestFrame.java',396,498,'createEmployeeMenuBar.txt'),(229,'gui','TravelRequestFrame','public void refreshTravelRequest','refreshTravelRequest','void','','/Users/fannyriveraortiz/Desktop/Input/HRMApplication/src/gui/TravelRequestFrame.java',499,600,'refreshTravelRequest.txt'),(230,'gui','TravelRequestFrame','public void originalStatus','originalStatus','void','','/Users/fannyriveraortiz/Desktop/Input/HRMApplication/src/gui/TravelRequestFrame.java',792,801,'originalStatus.txt'),(231,'gui','TravelRequestFrame','public String getStatusTravelRequest','getStatusTravelRequest','Class','String','/Users/fannyriveraortiz/Desktop/Input/HRMApplication/src/gui/TravelRequestFrame.java',601,610,'getStatusTravelRequest.txt'),(232,'gui','TravelRequestFrame','public void disableFieldsTravelRequest','disableFieldsTravelRequest','void','','/Users/fannyriveraortiz/Desktop/Input/HRMApplication/src/gui/TravelRequestFrame.java',627,686,'disableFieldsTravelRequest.txt'),(233,'gui','TravelRequestFrame','public void enableFieldsTravelRequest','enableFieldsTravelRequest','void','','/Users/fannyriveraortiz/Desktop/Input/HRMApplication/src/gui/TravelRequestFrame.java',687,736,'enableFieldsTravelRequest.txt'),(234,'gui','TravelRequestFrame','public void enableFieldsChangeStatus','enableFieldsChangeStatus','void','','/Users/fannyriveraortiz/Desktop/Input/HRMApplication/src/gui/TravelRequestFrame.java',737,791,'enableFieldsChangeStatus.txt'),(235,'gui','TravelRequestFrame','public void changeStatus','changeStatus','void','','/Users/fannyriveraortiz/Desktop/Input/HRMApplication/src/gui/TravelRequestFrame.java',802,810,'changeStatus.txt'),(236,'gui','EmployeeFormPanel','public EmployeeFormPanel','EmployeeFormPanel','Constructor','','/Users/fannyriveraortiz/Desktop/Input/HRMApplication/src/gui/EmployeeFormPanel.java',89,426,'EmployeeFormPanel.txt'),(237,'gui','EmployeeFormPanel','public void loadSupervisors','loadSupervisors','void','','/Users/fannyriveraortiz/Desktop/Input/HRMApplication/src/gui/EmployeeFormPanel.java',742,772,'loadSupervisors.txt'),(238,'gui','EmployeeFormPanel','public void cleanFields','cleanFields','void','','/Users/fannyriveraortiz/Desktop/Input/HRMApplication/src/gui/EmployeeFormPanel.java',722,741,'cleanFields.txt'),(239,'gui','EmployeeFormPanel','public void assignDefaultValues','assignDefaultValues','void','','/Users/fannyriveraortiz/Desktop/Input/HRMApplication/src/gui/EmployeeFormPanel.java',848,860,'assignDefaultValues.txt'),(240,'gui','EmployeeFormPanel','public void setEmployeeFormListener','setEmployeeFormListener','void','','/Users/fannyriveraortiz/Desktop/Input/HRMApplication/src/gui/EmployeeFormPanel.java',717,721,'setEmployeeFormListener.txt'),(241,'gui','EmployeeFormPanel','public void assignDefaultDates','assignDefaultDates','void','','/Users/fannyriveraortiz/Desktop/Input/HRMApplication/src/gui/EmployeeFormPanel.java',773,803,'assignDefaultDates.txt'),(242,'gui','EmployeeFormPanel','public void assignEmployeeNumber','assignEmployeeNumber','void','','/Users/fannyriveraortiz/Desktop/Input/HRMApplication/src/gui/EmployeeFormPanel.java',804,847,'assignEmployeeNumber.txt'),(243,'gui','EmployeeFormPanel','public void layoutComponents','layoutComponents','void','','/Users/fannyriveraortiz/Desktop/Input/HRMApplication/src/gui/EmployeeFormPanel.java',427,716,'layoutComponents.txt'),(244,'gui','EmployeeFrame','public EmployeeFrame','EmployeeFrame','Constructor','','/Users/fannyriveraortiz/Desktop/Input/HRMApplication/src/gui/EmployeeFrame.java',36,367,'EmployeeFrame.txt'),(245,'gui','EmployeeFrame','public void loadingEmployees','loadingEmployees','void','','/Users/fannyriveraortiz/Desktop/Input/HRMApplication/src/gui/EmployeeFrame.java',545,560,'loadingEmployees.txt'),(246,'gui','EmployeeFrame','public void refreshEmployee','refreshEmployee','void','','/Users/fannyriveraortiz/Desktop/Input/HRMApplication/src/gui/EmployeeFrame.java',469,544,'refreshEmployee.txt'),(247,'gui','EmployeeFrame','public void disableFieldsEmployee','disableFieldsEmployee','void','','/Users/fannyriveraortiz/Desktop/Input/HRMApplication/src/gui/EmployeeFrame.java',561,603,'disableFieldsEmployee.txt'),(248,'gui','EmployeeFrame','public void enableFieldsEmployee','enableFieldsEmployee','void','','/Users/fannyriveraortiz/Desktop/Input/HRMApplication/src/gui/EmployeeFrame.java',604,646,'enableFieldsEmployee.txt'),(249,'gui','EmployeeFrame','public boolean validateDeleteEmployee1','validateDeleteEmployee1','boolean','','/Users/fannyriveraortiz/Desktop/Input/HRMApplication/src/gui/EmployeeFrame.java',647,663,'validateDeleteEmployee1.txt'),(250,'gui','EmployeeFrame','public boolean validateFullName','validateFullName','boolean','','/Users/fannyriveraortiz/Desktop/Input/HRMApplication/src/gui/EmployeeFrame.java',681,697,'validateFullName.txt'),(251,'gui','EmployeeFrame','public boolean validateDeleteEmployee2','validateDeleteEmployee2','boolean','','/Users/fannyriveraortiz/Desktop/Input/HRMApplication/src/gui/EmployeeFrame.java',664,680,'validateDeleteEmployee2.txt'),(252,'gui','EmployeeFrame','public JMenuBar createEmployeeMenuBar','createEmployeeMenuBar','Class','JMenuBar','/Users/fannyriveraortiz/Desktop/Input/HRMApplication/src/gui/EmployeeFrame.java',368,468,'createEmployeeMenuBar.txt'),(253,'model','Module','public Module','Module','Constructor','','/Users/fannyriveraortiz/Desktop/Input/HRMApplication/src/model/Module.java',21,33,'Module.txt'),(254,'model','Module','public Module','Module','Constructor','','/Users/fannyriveraortiz/Desktop/Input/HRMApplication/src/model/Module.java',34,43,'Module1.txt'),(255,'model','Module','public String toString','toString','Class','String','/Users/fannyriveraortiz/Desktop/Input/HRMApplication/src/model/Module.java',85,89,'toString.txt'),(256,'model','Module','public int getId','getId','int','','/Users/fannyriveraortiz/Desktop/Input/HRMApplication/src/model/Module.java',44,48,'getId.txt'),(257,'model','Module','public String getModuleName','getModuleName','Class','String','/Users/fannyriveraortiz/Desktop/Input/HRMApplication/src/model/Module.java',54,58,'getModuleName.txt'),(258,'model','Module','public void setModuleName','setModuleName','void','','/Users/fannyriveraortiz/Desktop/Input/HRMApplication/src/model/Module.java',59,63,'setModuleName.txt'),(259,'model','Module','public String getSubModuleName','getSubModuleName','Class','String','/Users/fannyriveraortiz/Desktop/Input/HRMApplication/src/model/Module.java',64,68,'getSubModuleName.txt'),(260,'model','Module','public void setSubModuleName','setSubModuleName','void','','/Users/fannyriveraortiz/Desktop/Input/HRMApplication/src/model/Module.java',69,73,'setSubModuleName.txt'),(261,'model','Module','public void setUserLevel','setUserLevel','void','','/Users/fannyriveraortiz/Desktop/Input/HRMApplication/src/model/Module.java',79,84,'setUserLevel.txt'),(262,'model','Module','public void setId','setId','void','','/Users/fannyriveraortiz/Desktop/Input/HRMApplication/src/model/Module.java',49,53,'setId.txt'),(263,'model','Module','public UserLevel getUserLevel','getUserLevel','Class','model.UserLevel','/Users/fannyriveraortiz/Desktop/Input/HRMApplication/src/model/Module.java',74,78,'getUserLevel.txt'),(264,'model','UserDatabase','public UserDatabase','UserDatabase','Constructor','','/Users/fannyriveraortiz/Desktop/Input/HRMApplication/src/model/UserDatabase.java',30,36,'UserDatabase.txt'),(265,'model','UserDatabase','public void load','load','void','','/Users/fannyriveraortiz/Desktop/Input/HRMApplication/src/model/UserDatabase.java',252,284,'load.txt'),(266,'model','UserDatabase','public void load','load','void','','/Users/fannyriveraortiz/Desktop/Input/HRMApplication/src/model/UserDatabase.java',285,284,'load1.txt'),(267,'model','UserDatabase','public void delete','delete','void','','/Users/fannyriveraortiz/Desktop/Input/HRMApplication/src/model/UserDatabase.java',220,251,'delete.txt'),(268,'model','UserDatabase','public void delete','delete','void','','/Users/fannyriveraortiz/Desktop/Input/HRMApplication/src/model/UserDatabase.java',330,329,'delete1.txt'),(269,'model','UserDatabase','public void connect','connect','void','','/Users/fannyriveraortiz/Desktop/Input/HRMApplication/src/model/UserDatabase.java',82,106,'connect.txt'),(270,'model','UserDatabase','public void save','save','void','','/Users/fannyriveraortiz/Desktop/Input/HRMApplication/src/model/UserDatabase.java',126,219,'save.txt'),(271,'model','UserDatabase','public void disconnect','disconnect','void','','/Users/fannyriveraortiz/Desktop/Input/HRMApplication/src/model/UserDatabase.java',107,125,'disconnect.txt'),(272,'model','UserDatabase','public void configureDBParameters','configureDBParameters','void','','/Users/fannyriveraortiz/Desktop/Input/HRMApplication/src/model/UserDatabase.java',37,81,'configureDBParameters.txt'),(273,'model','UserDatabase','public List<User> getUsers','getUsers','List','<model.User>','/Users/fannyriveraortiz/Desktop/Input/HRMApplication/src/model/UserDatabase.java',323,329,'getUsers.txt'),(274,'model','UserDatabase','public void addUser','addUser','void','','/Users/fannyriveraortiz/Desktop/Input/HRMApplication/src/model/UserDatabase.java',317,322,'addUser.txt'),(275,'model','UserDatabase','public void deleteUser','deleteUser','void','','/Users/fannyriveraortiz/Desktop/Input/HRMApplication/src/model/UserDatabase.java',330,334,'deleteUser.txt'),(276,'model','UserDatabase','public void loadUser','loadUser','void','','/Users/fannyriveraortiz/Desktop/Input/HRMApplication/src/model/UserDatabase.java',285,316,'loadUser.txt'),(277,'model','UserDatabase','public boolean validateEmployee','validateEmployee','boolean','','/Users/fannyriveraortiz/Desktop/Input/HRMApplication/src/model/UserDatabase.java',366,427,'validateEmployee.txt'),(278,'model','UserDatabase','public boolean validateUserName','validateUserName','boolean','','/Users/fannyriveraortiz/Desktop/Input/HRMApplication/src/model/UserDatabase.java',428,427,'validateUserName.txt'),(279,'model','UserDatabase','public boolean validateEmail','validateEmail','boolean','','/Users/fannyriveraortiz/Desktop/Input/HRMApplication/src/model/UserDatabase.java',479,529,'validateEmail.txt'),(280,'model','UserDatabase','public boolean validateDeleteUser','validateDeleteUser','boolean','','/Users/fannyriveraortiz/Desktop/Input/HRMApplication/src/model/UserDatabase.java',530,571,'validateDeleteUser.txt'),(281,'model','UserDatabase','public boolean validateUser','validateUser','boolean','','/Users/fannyriveraortiz/Desktop/Input/HRMApplication/src/model/UserDatabase.java',428,478,'validateUser.txt'),(282,'model','UserDatabase','public boolean validateUser','validateUser','boolean','','/Users/fannyriveraortiz/Desktop/Input/HRMApplication/src/model/UserDatabase.java',572,605,'validateUser1.txt'),(283,'model','UserDatabase','public ArrayList<Employee> loadFullNameEmployees','loadFullNameEmployees','ArrayList','<model.Employee>','/Users/fannyriveraortiz/Desktop/Input/HRMApplication/src/model/UserDatabase.java',335,365,'loadFullNameEmployees.txt'),(284,'model','UserDatabase','public UserLevel getUserLevel','getUserLevel','Class','model.UserLevel','/Users/fannyriveraortiz/Desktop/Input/HRMApplication/src/model/UserDatabase.java',606,638,'getUserLevel.txt'),(285,'model','User','public User','User','Constructor','','/Users/fannyriveraortiz/Desktop/Input/HRMApplication/src/model/User.java',24,41,'User.txt'),(286,'model','User','public User','User','Constructor','','/Users/fannyriveraortiz/Desktop/Input/HRMApplication/src/model/User.java',42,52,'User1.txt'),(287,'model','User','public User','User','Constructor','','/Users/fannyriveraortiz/Desktop/Input/HRMApplication/src/model/User.java',53,59,'User2.txt'),(288,'model','User','public User','User','Constructor','','/Users/fannyriveraortiz/Desktop/Input/HRMApplication/src/model/User.java',111,110,'User3.txt'),(289,'model','User','public String toString','toString','Class','String','/Users/fannyriveraortiz/Desktop/Input/HRMApplication/src/model/User.java',120,124,'toString.txt'),(290,'model','User','public int getId','getId','int','','/Users/fannyriveraortiz/Desktop/Input/HRMApplication/src/model/User.java',60,63,'getId.txt'),(291,'model','User','public void setUserLevel','setUserLevel','void','','/Users/fannyriveraortiz/Desktop/Input/HRMApplication/src/model/User.java',115,119,'setUserLevel.txt'),(292,'model','User','public void setUserName','setUserName','void','','/Users/fannyriveraortiz/Desktop/Input/HRMApplication/src/model/User.java',74,77,'setUserName.txt'),(293,'model','User','public String getEmail','getEmail','Class','String','/Users/fannyriveraortiz/Desktop/Input/HRMApplication/src/model/User.java',103,106,'getEmail.txt'),(294,'model','User','public void setPassword','setPassword','void','','/Users/fannyriveraortiz/Desktop/Input/HRMApplication/src/model/User.java',82,86,'setPassword.txt'),(295,'model','User','public void setconfirmPassword','setconfirmPassword','void','','/Users/fannyriveraortiz/Desktop/Input/HRMApplication/src/model/User.java',91,94,'setconfirmPassword.txt'),(296,'model','User','public void setEmail','setEmail','void','','/Users/fannyriveraortiz/Desktop/Input/HRMApplication/src/model/User.java',107,110,'setEmail.txt'),(297,'model','User','public String getPassword','getPassword','Class','String','/Users/fannyriveraortiz/Desktop/Input/HRMApplication/src/model/User.java',78,81,'getPassword.txt'),(298,'model','User','public String getUserName','getUserName','Class','String','/Users/fannyriveraortiz/Desktop/Input/HRMApplication/src/model/User.java',70,73,'getUserName.txt'),(299,'model','User','public void setId','setId','void','','/Users/fannyriveraortiz/Desktop/Input/HRMApplication/src/model/User.java',64,69,'setId.txt'),(300,'model','User','public String getEmployee','getEmployee','Class','String','/Users/fannyriveraortiz/Desktop/Input/HRMApplication/src/model/User.java',95,98,'getEmployee.txt'),(301,'model','User','public void setEmployee','setEmployee','void','','/Users/fannyriveraortiz/Desktop/Input/HRMApplication/src/model/User.java',99,102,'setEmployee.txt'),(302,'model','User','public UserLevel getUserLevel','getUserLevel','Class','model.UserLevel','/Users/fannyriveraortiz/Desktop/Input/HRMApplication/src/model/User.java',111,114,'getUserLevel.txt'),(303,'model','User','public String getconfirmPassword','getconfirmPassword','Class','String','/Users/fannyriveraortiz/Desktop/Input/HRMApplication/src/model/User.java',87,90,'getconfirmPassword.txt'),(304,'model','TravelRequest','public TravelRequest','TravelRequest','Constructor','','/Users/fannyriveraortiz/Desktop/Input/HRMApplication/src/model/TravelRequest.java',33,58,'TravelRequest.txt'),(305,'model','TravelRequest','public TravelRequest','TravelRequest','Constructor','','/Users/fannyriveraortiz/Desktop/Input/HRMApplication/src/model/TravelRequest.java',59,70,'TravelRequest1.txt'),(306,'model','TravelRequest','public String toString','toString','Class','String','/Users/fannyriveraortiz/Desktop/Input/HRMApplication/src/model/TravelRequest.java',214,218,'toString.txt'),(307,'model','TravelRequest','public int getId','getId','int','','/Users/fannyriveraortiz/Desktop/Input/HRMApplication/src/model/TravelRequest.java',71,75,'getId.txt'),(308,'model','TravelRequest','public Currency getCurrency','getCurrency','Class','model.Currency','/Users/fannyriveraortiz/Desktop/Input/HRMApplication/src/model/TravelRequest.java',172,176,'getCurrency.txt'),(309,'model','TravelRequest','public void setCurrency','setCurrency','void','','/Users/fannyriveraortiz/Desktop/Input/HRMApplication/src/model/TravelRequest.java',177,181,'setCurrency.txt'),(310,'model','TravelRequest','public String getNumber','getNumber','Class','String','/Users/fannyriveraortiz/Desktop/Input/HRMApplication/src/model/TravelRequest.java',81,85,'getNumber.txt'),(311,'model','TravelRequest','public void setId','setId','void','','/Users/fannyriveraortiz/Desktop/Input/HRMApplication/src/model/TravelRequest.java',76,80,'setId.txt'),(312,'model','TravelRequest','public String getEmployee','getEmployee','Class','String','/Users/fannyriveraortiz/Desktop/Input/HRMApplication/src/model/TravelRequest.java',91,95,'getEmployee.txt'),(313,'model','TravelRequest','public Transportation getTransportation','getTransportation','Class','model.Transportation','/Users/fannyriveraortiz/Desktop/Input/HRMApplication/src/model/TravelRequest.java',101,105,'getTransportation.txt'),(314,'model','TravelRequest','public String getPurpose','getPurpose','Class','String','/Users/fannyriveraortiz/Desktop/Input/HRMApplication/src/model/TravelRequest.java',111,115,'getPurpose.txt'),(315,'model','TravelRequest','public String getTravelFrom','getTravelFrom','Class','String','/Users/fannyriveraortiz/Desktop/Input/HRMApplication/src/model/TravelRequest.java',121,125,'getTravelFrom.txt'),(316,'model','TravelRequest','public String getTravelTo','getTravelTo','Class','String','/Users/fannyriveraortiz/Desktop/Input/HRMApplication/src/model/TravelRequest.java',131,135,'getTravelTo.txt'),(317,'model','TravelRequest','public Date getTravelDate','getTravelDate','Class','Date','/Users/fannyriveraortiz/Desktop/Input/HRMApplication/src/model/TravelRequest.java',141,145,'getTravelDate.txt'),(318,'model','TravelRequest','public Date getReturnDate','getReturnDate','Class','Date','/Users/fannyriveraortiz/Desktop/Input/HRMApplication/src/model/TravelRequest.java',151,155,'getReturnDate.txt'),(319,'model','TravelRequest','public String getNotes','getNotes','Class','String','/Users/fannyriveraortiz/Desktop/Input/HRMApplication/src/model/TravelRequest.java',161,165,'getNotes.txt'),(320,'model','TravelRequest','public float getTotalFunding','getTotalFunding','float','','/Users/fannyriveraortiz/Desktop/Input/HRMApplication/src/model/TravelRequest.java',182,186,'getTotalFunding.txt'),(321,'model','TravelRequest','public Status getStatus','getStatus','Class','model.Status','/Users/fannyriveraortiz/Desktop/Input/HRMApplication/src/model/TravelRequest.java',193,197,'getStatus.txt'),(322,'model','TravelRequest','public String getStatusNotes','getStatusNotes','Class','String','/Users/fannyriveraortiz/Desktop/Input/HRMApplication/src/model/TravelRequest.java',203,207,'getStatusNotes.txt'),(323,'model','TravelRequest','public void setEmployee','setEmployee','void','','/Users/fannyriveraortiz/Desktop/Input/HRMApplication/src/model/TravelRequest.java',96,100,'setEmployee.txt'),(324,'model','TravelRequest','public void setTransportation','setTransportation','void','','/Users/fannyriveraortiz/Desktop/Input/HRMApplication/src/model/TravelRequest.java',106,110,'setTransportation.txt'),(325,'model','TravelRequest','public void setPurpose','setPurpose','void','','/Users/fannyriveraortiz/Desktop/Input/HRMApplication/src/model/TravelRequest.java',116,120,'setPurpose.txt'),(326,'model','TravelRequest','public void setTravelFrom','setTravelFrom','void','','/Users/fannyriveraortiz/Desktop/Input/HRMApplication/src/model/TravelRequest.java',126,130,'setTravelFrom.txt'),(327,'model','TravelRequest','public void setTravelTo','setTravelTo','void','','/Users/fannyriveraortiz/Desktop/Input/HRMApplication/src/model/TravelRequest.java',136,140,'setTravelTo.txt'),(328,'model','TravelRequest','public void setTravelDate','setTravelDate','void','','/Users/fannyriveraortiz/Desktop/Input/HRMApplication/src/model/TravelRequest.java',146,150,'setTravelDate.txt'),(329,'model','TravelRequest','public void setReturnDate','setReturnDate','void','','/Users/fannyriveraortiz/Desktop/Input/HRMApplication/src/model/TravelRequest.java',156,160,'setReturnDate.txt'),(330,'model','TravelRequest','public void setNotes','setNotes','void','','/Users/fannyriveraortiz/Desktop/Input/HRMApplication/src/model/TravelRequest.java',166,171,'setNotes.txt'),(331,'model','TravelRequest','public void setTotalFunding','setTotalFunding','void','','/Users/fannyriveraortiz/Desktop/Input/HRMApplication/src/model/TravelRequest.java',187,192,'setTotalFunding.txt'),(332,'model','TravelRequest','public void setStatus','setStatus','void','','/Users/fannyriveraortiz/Desktop/Input/HRMApplication/src/model/TravelRequest.java',198,202,'setStatus.txt'),(333,'model','TravelRequest','public void setStatus','setStatus','void','','/Users/fannyriveraortiz/Desktop/Input/HRMApplication/src/model/TravelRequest.java',208,207,'setStatus1.txt'),(334,'model','TravelRequest','public void setStatusNotes','setStatusNotes','void','','/Users/fannyriveraortiz/Desktop/Input/HRMApplication/src/model/TravelRequest.java',208,213,'setStatusNotes.txt'),(335,'model','TravelRequest','public void setNumber','setNumber','void','','/Users/fannyriveraortiz/Desktop/Input/HRMApplication/src/model/TravelRequest.java',86,90,'setNumber.txt'),(336,'model','TravelRequestDatabase','public TravelRequestDatabase','TravelRequestDatabase','Constructor','','/Users/fannyriveraortiz/Desktop/Input/HRMApplication/src/model/TravelRequestDatabase.java',35,41,'TravelRequestDatabase.txt'),(337,'model','TravelRequestDatabase','public void load','load','void','','/Users/fannyriveraortiz/Desktop/Input/HRMApplication/src/model/TravelRequestDatabase.java',367,475,'load.txt'),(338,'model','TravelRequestDatabase','public void load','load','void','','/Users/fannyriveraortiz/Desktop/Input/HRMApplication/src/model/TravelRequestDatabase.java',476,475,'load1.txt'),(339,'model','TravelRequestDatabase','public void delete','delete','void','','/Users/fannyriveraortiz/Desktop/Input/HRMApplication/src/model/TravelRequestDatabase.java',333,366,'delete.txt'),(340,'model','TravelRequestDatabase','public void delete','delete','void','','/Users/fannyriveraortiz/Desktop/Input/HRMApplication/src/model/TravelRequestDatabase.java',532,531,'delete1.txt'),(341,'model','TravelRequestDatabase','public void connect','connect','void','','/Users/fannyriveraortiz/Desktop/Input/HRMApplication/src/model/TravelRequestDatabase.java',87,111,'connect.txt'),(342,'model','TravelRequestDatabase','public void save','save','void','','/Users/fannyriveraortiz/Desktop/Input/HRMApplication/src/model/TravelRequestDatabase.java',131,332,'save.txt'),(343,'model','TravelRequestDatabase','public void disconnect','disconnect','void','','/Users/fannyriveraortiz/Desktop/Input/HRMApplication/src/model/TravelRequestDatabase.java',112,130,'disconnect.txt'),(344,'model','TravelRequestDatabase','public void configureDBParameters','configureDBParameters','void','','/Users/fannyriveraortiz/Desktop/Input/HRMApplication/src/model/TravelRequestDatabase.java',42,86,'configureDBParameters.txt'),(345,'model','TravelRequestDatabase','public int maxNumTravelRequest','maxNumTravelRequest','int','','/Users/fannyriveraortiz/Desktop/Input/HRMApplication/src/model/TravelRequestDatabase.java',599,617,'maxNumTravelRequest.txt'),(346,'model','TravelRequestDatabase','public List<TravelRequest> getTravelRequests','getTravelRequests','List','<model.TravelRequest>','/Users/fannyriveraortiz/Desktop/Input/HRMApplication/src/model/TravelRequestDatabase.java',526,531,'getTravelRequests.txt'),(347,'model','TravelRequestDatabase','public void addTravelRequest','addTravelRequest','void','','/Users/fannyriveraortiz/Desktop/Input/HRMApplication/src/model/TravelRequestDatabase.java',520,525,'addTravelRequest.txt'),(348,'model','TravelRequestDatabase','public void deleteTravelRequest','deleteTravelRequest','void','','/Users/fannyriveraortiz/Desktop/Input/HRMApplication/src/model/TravelRequestDatabase.java',532,536,'deleteTravelRequest.txt'),(349,'model','TravelRequestDatabase','public void loadTravelRequest','loadTravelRequest','void','','/Users/fannyriveraortiz/Desktop/Input/HRMApplication/src/model/TravelRequestDatabase.java',476,519,'loadTravelRequest.txt'),(350,'model','TravelRequestDatabase','public ArrayList<Employee> loadFullNameEmployees','loadFullNameEmployees','ArrayList','<model.Employee>','/Users/fannyriveraortiz/Desktop/Input/HRMApplication/src/model/TravelRequestDatabase.java',537,598,'loadFullNameEmployees.txt'),(351,'model','EmployeeDatabase','public EmployeeDatabase','EmployeeDatabase','Constructor','','/Users/fannyriveraortiz/Desktop/Input/HRMApplication/src/model/EmployeeDatabase.java',34,40,'EmployeeDatabase.txt'),(352,'model','EmployeeDatabase','public void load','load','void','','/Users/fannyriveraortiz/Desktop/Input/HRMApplication/src/model/EmployeeDatabase.java',426,484,'load.txt'),(353,'model','EmployeeDatabase','public void load','load','void','','/Users/fannyriveraortiz/Desktop/Input/HRMApplication/src/model/EmployeeDatabase.java',485,484,'load1.txt'),(354,'model','EmployeeDatabase','public void delete','delete','void','','/Users/fannyriveraortiz/Desktop/Input/HRMApplication/src/model/EmployeeDatabase.java',394,425,'delete.txt'),(355,'model','EmployeeDatabase','public void delete','delete','void','','/Users/fannyriveraortiz/Desktop/Input/HRMApplication/src/model/EmployeeDatabase.java',546,545,'delete1.txt'),(356,'model','EmployeeDatabase','public void connect','connect','void','','/Users/fannyriveraortiz/Desktop/Input/HRMApplication/src/model/EmployeeDatabase.java',86,110,'connect.txt'),(357,'model','EmployeeDatabase','public void save','save','void','','/Users/fannyriveraortiz/Desktop/Input/HRMApplication/src/model/EmployeeDatabase.java',130,393,'save.txt'),(358,'model','EmployeeDatabase','public void disconnect','disconnect','void','','/Users/fannyriveraortiz/Desktop/Input/HRMApplication/src/model/EmployeeDatabase.java',111,129,'disconnect.txt'),(359,'model','EmployeeDatabase','public void configureDBParameters','configureDBParameters','void','','/Users/fannyriveraortiz/Desktop/Input/HRMApplication/src/model/EmployeeDatabase.java',41,85,'configureDBParameters.txt'),(360,'model','EmployeeDatabase','public List<Employee> getEmployees','getEmployees','List','<model.Employee>','/Users/fannyriveraortiz/Desktop/Input/HRMApplication/src/model/EmployeeDatabase.java',540,545,'getEmployees.txt'),(361,'model','EmployeeDatabase','public void addEmployee','addEmployee','void','','/Users/fannyriveraortiz/Desktop/Input/HRMApplication/src/model/EmployeeDatabase.java',534,539,'addEmployee.txt'),(362,'model','EmployeeDatabase','public void deleteEmployee','deleteEmployee','void','','/Users/fannyriveraortiz/Desktop/Input/HRMApplication/src/model/EmployeeDatabase.java',546,550,'deleteEmployee.txt'),(363,'model','EmployeeDatabase','public void loadEmployee','loadEmployee','void','','/Users/fannyriveraortiz/Desktop/Input/HRMApplication/src/model/EmployeeDatabase.java',485,533,'loadEmployee.txt'),(364,'model','EmployeeDatabase','public ArrayList<Employee> loadSupervisors','loadSupervisors','ArrayList','<model.Employee>','/Users/fannyriveraortiz/Desktop/Input/HRMApplication/src/model/EmployeeDatabase.java',551,585,'loadSupervisors.txt'),(365,'model','EmployeeDatabase','public boolean validateDeleteEmployee1','validateDeleteEmployee1','boolean','','/Users/fannyriveraortiz/Desktop/Input/HRMApplication/src/model/EmployeeDatabase.java',586,623,'validateDeleteEmployee1.txt'),(366,'model','EmployeeDatabase','public boolean validateFullName','validateFullName','boolean','','/Users/fannyriveraortiz/Desktop/Input/HRMApplication/src/model/EmployeeDatabase.java',624,684,'validateFullName.txt'),(367,'model','EmployeeDatabase','public int maxNumEmployee','maxNumEmployee','int','','/Users/fannyriveraortiz/Desktop/Input/HRMApplication/src/model/EmployeeDatabase.java',685,703,'maxNumEmployee.txt'),(368,'model','EmployeeDatabase','public boolean validateDeleteEmployee2','validateDeleteEmployee2','boolean','','/Users/fannyriveraortiz/Desktop/Input/HRMApplication/src/model/EmployeeDatabase.java',704,733,'validateDeleteEmployee2.txt'),(369,'model','JavaDBOperations','public JavaDBOperations','JavaDBOperations','Constructor','','/Users/fannyriveraortiz/Desktop/Input/HRMApplication/src/model/JavaDBOperations.java',21,33,'JavaDBOperations.txt'),(370,'model','JavaDBOperations','public JavaDBOperations','JavaDBOperations','Constructor','','/Users/fannyriveraortiz/Desktop/Input/HRMApplication/src/model/JavaDBOperations.java',34,43,'JavaDBOperations1.txt'),(371,'model','JavaDBOperations','public String getName','getName','Class','String','/Users/fannyriveraortiz/Desktop/Input/HRMApplication/src/model/JavaDBOperations.java',44,48,'getName.txt'),(372,'model','JavaDBOperations','public String toString','toString','Class','String','/Users/fannyriveraortiz/Desktop/Input/HRMApplication/src/model/JavaDBOperations.java',75,79,'toString.txt'),(373,'model','JavaDBOperations','public void setName','setName','void','','/Users/fannyriveraortiz/Desktop/Input/HRMApplication/src/model/JavaDBOperations.java',49,53,'setName.txt'),(374,'model','JavaDBOperations','public String getValidation1','getValidation1','Class','String','/Users/fannyriveraortiz/Desktop/Input/HRMApplication/src/model/JavaDBOperations.java',54,58,'getValidation1.txt'),(375,'model','JavaDBOperations','public void setValidation1','setValidation1','void','','/Users/fannyriveraortiz/Desktop/Input/HRMApplication/src/model/JavaDBOperations.java',59,63,'setValidation1.txt'),(376,'model','JavaDBOperations','public String getValidation2','getValidation2','Class','String','/Users/fannyriveraortiz/Desktop/Input/HRMApplication/src/model/JavaDBOperations.java',64,68,'getValidation2.txt'),(377,'model','JavaDBOperations','public void setValidation2','setValidation2','void','','/Users/fannyriveraortiz/Desktop/Input/HRMApplication/src/model/JavaDBOperations.java',69,74,'setValidation2.txt'),(378,'model','ModuleDatabase','public ModuleDatabase','ModuleDatabase','Constructor','','/Users/fannyriveraortiz/Desktop/Input/HRMApplication/src/model/ModuleDatabase.java',27,33,'ModuleDatabase.txt'),(379,'model','ModuleDatabase','public void connect','connect','void','','/Users/fannyriveraortiz/Desktop/Input/HRMApplication/src/model/ModuleDatabase.java',79,103,'connect.txt'),(380,'model','ModuleDatabase','public void disconnect','disconnect','void','','/Users/fannyriveraortiz/Desktop/Input/HRMApplication/src/model/ModuleDatabase.java',104,123,'disconnect.txt'),(381,'model','ModuleDatabase','public void configureDBParameters','configureDBParameters','void','','/Users/fannyriveraortiz/Desktop/Input/HRMApplication/src/model/ModuleDatabase.java',34,78,'configureDBParameters.txt'),(382,'model','ModuleDatabase','public String[] getModules','getModules','Class','String','/Users/fannyriveraortiz/Desktop/Input/HRMApplication/src/model/ModuleDatabase.java',238,271,'getModules.txt'),(383,'model','ModuleDatabase','public String[][] getSubModules','getSubModules','Class','String','/Users/fannyriveraortiz/Desktop/Input/HRMApplication/src/model/ModuleDatabase.java',272,325,'getSubModules.txt'),(384,'model','ModuleDatabase','public void saveModules','saveModules','void','','/Users/fannyriveraortiz/Desktop/Input/HRMApplication/src/model/ModuleDatabase.java',124,237,'saveModules.txt'),(385,'model','Employee','public Employee','Employee','Constructor','','/Users/fannyriveraortiz/Desktop/Input/HRMApplication/src/model/Employee.java',34,59,'Employee.txt'),(386,'model','Employee','public Employee','Employee','Constructor','','/Users/fannyriveraortiz/Desktop/Input/HRMApplication/src/model/Employee.java',60,71,'Employee1.txt'),(387,'model','Employee','public Employee','Employee','Constructor','','/Users/fannyriveraortiz/Desktop/Input/HRMApplication/src/model/Employee.java',72,78,'Employee2.txt'),(388,'model','Employee','public String toString','toString','Class','String','/Users/fannyriveraortiz/Desktop/Input/HRMApplication/src/model/Employee.java',202,206,'toString.txt'),(389,'model','Employee','public int getId','getId','int','','/Users/fannyriveraortiz/Desktop/Input/HRMApplication/src/model/Employee.java',79,82,'getId.txt'),(390,'model','Employee','public String getFullName','getFullName','Class','String','/Users/fannyriveraortiz/Desktop/Input/HRMApplication/src/model/Employee.java',191,195,'getFullName.txt'),(391,'model','Employee','public String getNumber','getNumber','Class','String','/Users/fannyriveraortiz/Desktop/Input/HRMApplication/src/model/Employee.java',87,90,'getNumber.txt'),(392,'model','Employee','public void setId','setId','void','','/Users/fannyriveraortiz/Desktop/Input/HRMApplication/src/model/Employee.java',83,86,'setId.txt'),(393,'model','Employee','public void setNumber','setNumber','void','','/Users/fannyriveraortiz/Desktop/Input/HRMApplication/src/model/Employee.java',91,94,'setNumber.txt'),(394,'model','Employee','public String getFirstName','getFirstName','Class','String','/Users/fannyriveraortiz/Desktop/Input/HRMApplication/src/model/Employee.java',95,98,'getFirstName.txt'),(395,'model','Employee','public void setFirstName','setFirstName','void','','/Users/fannyriveraortiz/Desktop/Input/HRMApplication/src/model/Employee.java',99,102,'setFirstName.txt'),(396,'model','Employee','public String getMiddleName','getMiddleName','Class','String','/Users/fannyriveraortiz/Desktop/Input/HRMApplication/src/model/Employee.java',103,106,'getMiddleName.txt'),(397,'model','Employee','public void setMiddleName','setMiddleName','void','','/Users/fannyriveraortiz/Desktop/Input/HRMApplication/src/model/Employee.java',107,110,'setMiddleName.txt'),(398,'model','Employee','public String getLastName','getLastName','Class','String','/Users/fannyriveraortiz/Desktop/Input/HRMApplication/src/model/Employee.java',111,113,'getLastName.txt'),(399,'model','Employee','public void setLastName','setLastName','void','','/Users/fannyriveraortiz/Desktop/Input/HRMApplication/src/model/Employee.java',114,117,'setLastName.txt'),(400,'model','Employee','public Date getDob','getDob','Class','Date','/Users/fannyriveraortiz/Desktop/Input/HRMApplication/src/model/Employee.java',118,121,'getDob.txt'),(401,'model','Employee','public void setDob','setDob','void','','/Users/fannyriveraortiz/Desktop/Input/HRMApplication/src/model/Employee.java',122,125,'setDob.txt'),(402,'model','Employee','public Gender getGender','getGender','Class','model.Gender','/Users/fannyriveraortiz/Desktop/Input/HRMApplication/src/model/Employee.java',126,129,'getGender.txt'),(403,'model','Employee','public void setGender','setGender','void','','/Users/fannyriveraortiz/Desktop/Input/HRMApplication/src/model/Employee.java',130,133,'setGender.txt'),(404,'model','Employee','public MaritalStatus getMaritalStatus','getMaritalStatus','Class','model.MaritalStatus','/Users/fannyriveraortiz/Desktop/Input/HRMApplication/src/model/Employee.java',134,137,'getMaritalStatus.txt'),(405,'model','Employee','public void setMaritalStatus','setMaritalStatus','void','','/Users/fannyriveraortiz/Desktop/Input/HRMApplication/src/model/Employee.java',138,141,'setMaritalStatus.txt'),(406,'model','Employee','public String getMobilePhone','getMobilePhone','Class','String','/Users/fannyriveraortiz/Desktop/Input/HRMApplication/src/model/Employee.java',142,145,'getMobilePhone.txt'),(407,'model','Employee','public void setMobilePhone','setMobilePhone','void','','/Users/fannyriveraortiz/Desktop/Input/HRMApplication/src/model/Employee.java',146,149,'setMobilePhone.txt'),(408,'model','Employee','public Date getJoinedDate','getJoinedDate','Class','Date','/Users/fannyriveraortiz/Desktop/Input/HRMApplication/src/model/Employee.java',150,153,'getJoinedDate.txt'),(409,'model','Employee','public void setJoinedDate','setJoinedDate','void','','/Users/fannyriveraortiz/Desktop/Input/HRMApplication/src/model/Employee.java',154,157,'setJoinedDate.txt'),(410,'model','Employee','public Date getTerminatedDate','getTerminatedDate','Class','Date','/Users/fannyriveraortiz/Desktop/Input/HRMApplication/src/model/Employee.java',158,161,'getTerminatedDate.txt'),(411,'model','Employee','public void setTerminatedDate','setTerminatedDate','void','','/Users/fannyriveraortiz/Desktop/Input/HRMApplication/src/model/Employee.java',162,165,'setTerminatedDate.txt'),(412,'model','Employee','public String getJobTitle','getJobTitle','Class','String','/Users/fannyriveraortiz/Desktop/Input/HRMApplication/src/model/Employee.java',166,169,'getJobTitle.txt'),(413,'model','Employee','public void setJobTitle','setJobTitle','void','','/Users/fannyriveraortiz/Desktop/Input/HRMApplication/src/model/Employee.java',170,173,'setJobTitle.txt'),(414,'model','Employee','public String getDepartment','getDepartment','Class','String','/Users/fannyriveraortiz/Desktop/Input/HRMApplication/src/model/Employee.java',174,177,'getDepartment.txt'),(415,'model','Employee','public void setDepartment','setDepartment','void','','/Users/fannyriveraortiz/Desktop/Input/HRMApplication/src/model/Employee.java',178,181,'setDepartment.txt'),(416,'model','Employee','public String getSupervisor','getSupervisor','Class','String','/Users/fannyriveraortiz/Desktop/Input/HRMApplication/src/model/Employee.java',182,185,'getSupervisor.txt'),(417,'model','Employee','public void setSupervisor','setSupervisor','void','','/Users/fannyriveraortiz/Desktop/Input/HRMApplication/src/model/Employee.java',186,190,'setSupervisor.txt'),(418,'model','Employee','public void setFullName','setFullName','void','','/Users/fannyriveraortiz/Desktop/Input/HRMApplication/src/model/Employee.java',196,201,'setFullName.txt');
/*!40000 ALTER TABLE `class_method` ENABLE KEYS */;
UNLOCK TABLES;

--
-- Table structure for table `database_class`
--

DROP TABLE IF EXISTS `database_class`;
/*!40101 SET @saved_cs_client     = @@character_set_client */;
 SET character_set_client = utf8mb4 ;
CREATE TABLE `database_class` (
  `dc_id` int(11) NOT NULL COMMENT 'Database Class Identifier',
  `dc_name` varchar(500) NOT NULL COMMENT 'Database Class Name',
  PRIMARY KEY (`dc_id`)
) ENGINE=InnoDB DEFAULT CHARSET=utf8mb4 COLLATE=utf8mb4_0900_ai_ci;
/*!40101 SET character_set_client = @saved_cs_client */;

--
-- Dumping data for table `database_class`
--

LOCK TABLES `database_class` WRITE;
/*!40000 ALTER TABLE `database_class` DISABLE KEYS */;
INSERT INTO `database_class` VALUES (1,'Statement'),(2,'PreparedStatement'),(3,'CallableStatement');
/*!40000 ALTER TABLE `database_class` ENABLE KEYS */;
UNLOCK TABLES;

--
-- Table structure for table `database_method`
--

DROP TABLE IF EXISTS `database_method`;
/*!40101 SET @saved_cs_client     = @@character_set_client */;
 SET character_set_client = utf8mb4 ;
CREATE TABLE `database_method` (
  `dm_id` int(11) NOT NULL COMMENT 'Database Method Identifier',
  `dm_name` varchar(500) NOT NULL COMMENT 'Database Method Name',
  `dm_dml_operations` varchar(1000) NOT NULL COMMENT 'Database Method Data Manipulation Language (DML) operations',
  PRIMARY KEY (`dm_id`)
) ENGINE=InnoDB DEFAULT CHARSET=utf8mb4 COLLATE=utf8mb4_0900_ai_ci;
/*!40101 SET character_set_client = @saved_cs_client */;

--
-- Dumping data for table `database_method`
--

LOCK TABLES `database_method` WRITE;
/*!40000 ALTER TABLE `database_method` DISABLE KEYS */;
INSERT INTO `database_method` VALUES (1,'execute','Select, Insert, Delete, Update'),(2,'executeQuery','Select'),(3,'executeUpdate','Insert, Delete, Update'),(4,'prepareCall','Select, Insert, Delete, Update, Stored Procedures');
/*!40000 ALTER TABLE `database_method` ENABLE KEYS */;
UNLOCK TABLES;

--
-- Table structure for table `database_operation`
--

DROP TABLE IF EXISTS `database_operation`;
/*!40101 SET @saved_cs_client     = @@character_set_client */;
 SET character_set_client = utf8mb4 ;
CREATE TABLE `database_operation` (
  `do_id` int(11) NOT NULL COMMENT 'Database Operations Identifier',
  `pl_id` int(11) NOT NULL COMMENT 'Programming Language Identifier',
  `dbms_id` int(11) NOT NULL COMMENT 'Database Management System Identifier',
  `dc_id` int(11) NOT NULL COMMENT 'Database Class Identifier',
  `dm_id` int(11) NOT NULL COMMENT 'Database Method Identifier',
  PRIMARY KEY (`do_id`),
  KEY `fk_pl_id_do_idx` (`pl_id`),
  KEY `fk_dbms_id_do_idx` (`dbms_id`),
  KEY `fk_dc_id_do_idx` (`dc_id`),
  KEY `fk_dm_id_do_idx` (`dm_id`),
  CONSTRAINT `fk_dbms_id_do` FOREIGN KEY (`dbms_id`) REFERENCES `dbms` (`dbms_id`) ON UPDATE CASCADE,
  CONSTRAINT `fk_dc_id_do` FOREIGN KEY (`dc_id`) REFERENCES `database_class` (`dc_id`) ON UPDATE CASCADE,
  CONSTRAINT `fk_dm_id_do` FOREIGN KEY (`dm_id`) REFERENCES `database_method` (`dm_id`) ON UPDATE CASCADE,
  CONSTRAINT `fk_pl_id_do` FOREIGN KEY (`pl_id`) REFERENCES `programming_language` (`pl_id`) ON UPDATE CASCADE
) ENGINE=InnoDB DEFAULT CHARSET=utf8mb4 COLLATE=utf8mb4_0900_ai_ci;
/*!40101 SET character_set_client = @saved_cs_client */;

--
-- Dumping data for table `database_operation`
--

LOCK TABLES `database_operation` WRITE;
/*!40000 ALTER TABLE `database_operation` DISABLE KEYS */;
INSERT INTO `database_operation` VALUES (1,1,1,1,1),(2,1,1,1,2),(3,1,1,1,3),(4,1,1,2,1),(5,1,1,2,2),(6,1,1,2,3),(7,1,1,3,1),(8,1,1,3,2),(9,1,1,3,3),(10,1,1,3,4);
/*!40000 ALTER TABLE `database_operation` ENABLE KEYS */;
UNLOCK TABLES;

--
-- Table structure for table `dbms`
--

DROP TABLE IF EXISTS `dbms`;
/*!40101 SET @saved_cs_client     = @@character_set_client */;
 SET character_set_client = utf8mb4 ;
CREATE TABLE `dbms` (
  `dbms_id` int(11) NOT NULL COMMENT 'Database Management identificator',
  `dbms_name` varchar(500) NOT NULL COMMENT 'Database Management name',
  PRIMARY KEY (`dbms_id`)
) ENGINE=InnoDB DEFAULT CHARSET=utf8mb4 COLLATE=utf8mb4_0900_ai_ci;
/*!40101 SET character_set_client = @saved_cs_client */;

--
-- Dumping data for table `dbms`
--

LOCK TABLES `dbms` WRITE;
/*!40000 ALTER TABLE `dbms` DISABLE KEYS */;
INSERT INTO `dbms` VALUES (1,'MySQL');
/*!40000 ALTER TABLE `dbms` ENABLE KEYS */;
UNLOCK TABLES;

--
-- Table structure for table `error_inventory`
--

DROP TABLE IF EXISTS `error_inventory`;
/*!40101 SET @saved_cs_client     = @@character_set_client */;
 SET character_set_client = utf8mb4 ;
CREATE TABLE `error_inventory` (
  `pi_id` int(11) NOT NULL COMMENT 'Package Identifier',
  `ci_id` int(11) NOT NULL COMMENT 'Class Identifier',
  `mi_id` int(11) NOT NULL COMMENT 'Method Identifier',
  `ei_id` int(11) NOT NULL COMMENT 'Error Inventory Identifier',
  `ei_description` varchar(500) NOT NULL COMMENT 'Error Inventory Description',
  `ei_type` varchar(10) NOT NULL COMMENT 'Error Inventory Type',
  PRIMARY KEY (`pi_id`,`ci_id`,`mi_id`,`ei_id`),
  KEY `fk_ci_id_ei_idx` (`ci_id`),
  KEY `fk_mi_id_ei_idx` (`mi_id`),
  CONSTRAINT `fk_ci_id_ei` FOREIGN KEY (`ci_id`) REFERENCES `class_inventory` (`pi_id`) ON UPDATE CASCADE,
  CONSTRAINT `fk_mi_id_ei` FOREIGN KEY (`mi_id`) REFERENCES `method_inventory` (`pi_id`) ON UPDATE CASCADE,
  CONSTRAINT `fk_pi_id_ei` FOREIGN KEY (`pi_id`) REFERENCES `package_inventory` (`pi_id`) ON UPDATE CASCADE
) ENGINE=InnoDB DEFAULT CHARSET=utf8mb4 COLLATE=utf8mb4_0900_ai_ci;
/*!40101 SET character_set_client = @saved_cs_client */;

--
-- Dumping data for table `error_inventory`
--

LOCK TABLES `error_inventory` WRITE;
/*!40000 ALTER TABLE `error_inventory` DISABLE KEYS */;
/*!40000 ALTER TABLE `error_inventory` ENABLE KEYS */;
UNLOCK TABLES;

--
-- Table structure for table `graphical_user_interface`
--

DROP TABLE IF EXISTS `graphical_user_interface`;
/*!40101 SET @saved_cs_client     = @@character_set_client */;
 SET character_set_client = utf8mb4 ;
CREATE TABLE `graphical_user_interface` (
  `gui_id` int(11) NOT NULL COMMENT 'Graphical User Interface Class Identifier',
  `gui_name` varchar(500) NOT NULL COMMENT 'Graphical User Interface Class Name',
  `pl_id` int(11) NOT NULL COMMENT 'Programming Language Identifier',
  PRIMARY KEY (`gui_id`),
  KEY `fk_pl_id_gui_idx` (`pl_id`),
  CONSTRAINT `fk_pl_id_gui` FOREIGN KEY (`pl_id`) REFERENCES `programming_language` (`pl_id`) ON UPDATE CASCADE
) ENGINE=InnoDB DEFAULT CHARSET=utf8mb4 COLLATE=utf8mb4_0900_ai_ci;
/*!40101 SET character_set_client = @saved_cs_client */;

--
-- Dumping data for table `graphical_user_interface`
--

LOCK TABLES `graphical_user_interface` WRITE;
/*!40000 ALTER TABLE `graphical_user_interface` DISABLE KEYS */;
INSERT INTO `graphical_user_interface` VALUES (1,'java.awt',1),(2,'javax.swing',1),(3,'org.eclipse.swt',1),(4,'javafx',1),(5,'org.apache.pivot.wtk',1),(6,'com.trolltech.qt.gui',1);
/*!40000 ALTER TABLE `graphical_user_interface` ENABLE KEYS */;
UNLOCK TABLES;

--
-- Table structure for table `input_method`
--

DROP TABLE IF EXISTS `input_method`;
/*!40101 SET @saved_cs_client     = @@character_set_client */;
 SET character_set_client = utf8mb4 ;
CREATE TABLE `input_method` (
  `im_id` int(11) NOT NULL COMMENT 'Input Method Identifier',
  `im_name` varchar(500) NOT NULL COMMENT 'Input Method Name',
  PRIMARY KEY (`im_id`)
) ENGINE=InnoDB DEFAULT CHARSET=utf8mb4 COLLATE=utf8mb4_0900_ai_ci;
/*!40101 SET character_set_client = @saved_cs_client */;

--
-- Dumping data for table `input_method`
--

LOCK TABLES `input_method` WRITE;
/*!40000 ALTER TABLE `input_method` DISABLE KEYS */;
INSERT INTO `input_method` VALUES (1,'Database');
/*!40000 ALTER TABLE `input_method` ENABLE KEYS */;
UNLOCK TABLES;

--
-- Table structure for table `method_inventory`
--

DROP TABLE IF EXISTS `method_inventory`;
/*!40101 SET @saved_cs_client     = @@character_set_client */;
 SET character_set_client = utf8mb4 ;
CREATE TABLE `method_inventory` (
  `pi_id` int(11) NOT NULL COMMENT 'Package Inventory Identifier',
  `ci_id` int(11) NOT NULL COMMENT 'Class Inventory Identifier',
  `mi_id` varchar(500) NOT NULL COMMENT 'Method Inventory Identifier',
  `mi_name` varchar(500) DEFAULT NULL COMMENT 'Method Inventory Name',
  `mi_type` varchar(100) DEFAULT NULL COMMENT 'Method Inventory Type',
  KEY `fk_pi_id_mi_idx` (`pi_id`),
  KEY `fk_ci_id_mi_idx` (`ci_id`),
  CONSTRAINT `fk_ci_id_mi` FOREIGN KEY (`ci_id`) REFERENCES `class_inventory` (`pi_id`) ON UPDATE CASCADE,
  CONSTRAINT `fk_pi_id_mi` FOREIGN KEY (`pi_id`) REFERENCES `package_inventory` (`pi_id`) ON UPDATE CASCADE
) ENGINE=InnoDB DEFAULT CHARSET=utf8mb4 COLLATE=utf8mb4_0900_ai_ci;
/*!40101 SET character_set_client = @saved_cs_client */;

--
-- Dumping data for table `method_inventory`
--

LOCK TABLES `method_inventory` WRITE;
/*!40000 ALTER TABLE `method_inventory` DISABLE KEYS */;
INSERT INTO `method_inventory` VALUES (1,1,'1','Configuration','Constructor'),(1,1,'2','configureParameters','Method'),(1,2,'1','JavaClasses','Constructor'),(1,2,'10','getClassMethodsEndLInes','Method'),(1,2,'11','getMethodStartLineNumbers','Method'),(1,2,'12','verifyProjectException','Method'),(1,2,'13','getFinalMethodName','Method'),(1,2,'14','getFinalConstructorShortName','Method'),(1,2,'15','getClassConstructorsFullMethodsNames','Method'),(1,2,'16','getClassMethodsStartLines','Method'),(1,2,'17','getFilesMethodsBody','Method'),(1,2,'2','readJavaFiles','Method'),(1,2,'3','getMethodFile','Method'),(1,2,'4','createDirectory','Method'),(1,2,'5','deleteDirectory','Method'),(1,2,'6','getFileMethodBody','Method'),(1,2,'7','getClassMethodsBody','Method'),(1,2,'8','getMethodLastLineNumber','Method'),(1,2,'9','getClassMethodsZeroEndLines','Method'),(3,1,'1','Database','Constructor'),(3,1,'10','getShortMethodName','Method'),(3,1,'11','getDBClassesMethods','Method'),(3,1,'2','loadDbMethods','Method'),(3,1,'3','getVariable','Method'),(3,1,'4','getDBMethodLines','Method'),(3,1,'5','getDBClass','Method'),(3,1,'6','getVariableLines','Method'),(3,1,'7','validateDbOperations','Method'),(3,1,'8','validateDatabaseMethod','Method'),(3,1,'9','readMethodBodyFiles','Method'),(4,1,'1','ForensicReadyLogger','Constructor'),(4,1,'2','exitApplicationError','Method'),(4,1,'3','main','Method'),(5,2,'1','ClassMethodDatabase','Constructor'),(5,2,'10','updateTextFileName','Method'),(5,2,'11','loadShortMethodName','Method'),(5,2,'12','addClassMethodDetails','Method'),(5,2,'2','configureDBParameters','Method'),(5,2,'3','connect','Method'),(5,2,'4','disconnect','Method'),(5,2,'5','deleteClassMethod','Method'),(5,2,'6','saveClassMethod','Method'),(5,2,'7','load','Method'),(5,2,'8','updateEndLineNumbers','Method'),(5,2,'9','loadZeroEndLineNumbers','Method'),(5,5,'1','DatabaseOperationsDatabase','Constructor'),(5,5,'2','configureDBParameters','Method'),(5,5,'3','connect','Method'),(5,5,'4','disconnect','Method'),(5,5,'5','loadDatabaseMethods','Method'),(5,5,'6','loadDatabaseOperations','Method');
/*!40000 ALTER TABLE `method_inventory` ENABLE KEYS */;
UNLOCK TABLES;

--
-- Table structure for table `package_inventory`
--

DROP TABLE IF EXISTS `package_inventory`;
/*!40101 SET @saved_cs_client     = @@character_set_client */;
 SET character_set_client = utf8mb4 ;
CREATE TABLE `package_inventory` (
  `pi_id` int(11) NOT NULL COMMENT 'Package Inventory Identifier',
  `pi_name` varchar(500) NOT NULL COMMENT 'Package Inventory Name',
  PRIMARY KEY (`pi_id`)
) ENGINE=InnoDB DEFAULT CHARSET=utf8mb4 COLLATE=utf8mb4_0900_ai_ci;
/*!40101 SET character_set_client = @saved_cs_client */;

--
-- Dumping data for table `package_inventory`
--

LOCK TABLES `package_inventory` WRITE;
/*!40000 ALTER TABLE `package_inventory` DISABLE KEYS */;
INSERT INTO `package_inventory` VALUES (1,'frl.configuration'),(2,'frl.controller'),(3,'frl.inputmethods'),(4,'frl.main'),(5,'frl.model');
/*!40000 ALTER TABLE `package_inventory` ENABLE KEYS */;
UNLOCK TABLES;

--
-- Table structure for table `programming_language`
--

DROP TABLE IF EXISTS `programming_language`;
/*!40101 SET @saved_cs_client     = @@character_set_client */;
 SET character_set_client = utf8mb4 ;
CREATE TABLE `programming_language` (
  `pl_id` int(11) NOT NULL COMMENT 'Programming Language Identification',
  `pl_name` varchar(500) NOT NULL COMMENT 'Programming Language Name',
  PRIMARY KEY (`pl_id`)
) ENGINE=InnoDB DEFAULT CHARSET=utf8mb4 COLLATE=utf8mb4_0900_ai_ci;
/*!40101 SET character_set_client = @saved_cs_client */;

--
-- Dumping data for table `programming_language`
--

LOCK TABLES `programming_language` WRITE;
/*!40000 ALTER TABLE `programming_language` DISABLE KEYS */;
INSERT INTO `programming_language` VALUES (1,'Java');
/*!40000 ALTER TABLE `programming_language` ENABLE KEYS */;
UNLOCK TABLES;

--
-- Table structure for table `return_type`
--

DROP TABLE IF EXISTS `return_type`;
/*!40101 SET @saved_cs_client     = @@character_set_client */;
 SET character_set_client = utf8mb4 ;
CREATE TABLE `return_type` (
  `rt_id` int(11) NOT NULL COMMENT 'Return Type Identifier',
  `rt_name` varchar(500) NOT NULL COMMENT 'Return Type Name',
  `rt_type` enum('Primitive','NonPrimitive') NOT NULL COMMENT 'Return Type Classification (Primitive, NonPrimitive)',
  `pl_id` int(11) NOT NULL COMMENT 'Programming Language Identifier',
  `rt_library` varchar(1000) DEFAULT 'None' COMMENT 'Return Type Library',
  PRIMARY KEY (`rt_id`),
  KEY `fk_pl_id_rt_idx` (`pl_id`),
  CONSTRAINT `fk_pl_id_rt` FOREIGN KEY (`pl_id`) REFERENCES `programming_language` (`pl_id`) ON UPDATE CASCADE
) ENGINE=InnoDB DEFAULT CHARSET=utf8mb4 COLLATE=utf8mb4_0900_ai_ci;
/*!40101 SET character_set_client = @saved_cs_client */;

--
-- Dumping data for table `return_type`
--

LOCK TABLES `return_type` WRITE;
/*!40000 ALTER TABLE `return_type` DISABLE KEYS */;
INSERT INTO `return_type` VALUES (1,'boolean','Primitive',1,'None'),(2,'char','Primitive',1,'None'),(3,'byte','Primitive',1,'None'),(4,'short','Primitive',1,'None'),(5,'int','Primitive',1,'None'),(6,'long','Primitive',1,'None'),(7,'float','Primitive',1,'None'),(8,'double','Primitive',1,'None'),(9,'String','NonPrimitive',1,'import java.lang.String;'),(10,'Class','NonPrimitive',1,'None'),(11,'ArrayList','NonPrimitive',1,'import java.util.ArrayList;'),(12,'List','NonPrimitive',1,'import java.util.List;'),(13,'Array','NonPrimitive',1,'import java.util.Arrays;'),(14,'Interface','NonPrimitive',1,'None'),(15,'void','NonPrimitive',1,'None'),(16,'Constructor','NonPrimitive',1,'None');
/*!40000 ALTER TABLE `return_type` ENABLE KEYS */;
UNLOCK TABLES;

--
-- Table structure for table `text_file_details`
--

DROP TABLE IF EXISTS `text_file_details`;
/*!40101 SET @saved_cs_client     = @@character_set_client */;
 SET character_set_client = utf8mb4 ;
CREATE TABLE `text_file_details` (
  `tfh_id` int(11) NOT NULL COMMENT 'Text File Header Identifier',
  `tfd_line_number` int(11) NOT NULL COMMENT 'Text File Details Line Number',
  `tfd_text` varchar(5000) NOT NULL COMMENT 'Text File Details Line Text',
  `tfd_type` enum('Personalized','Fixed') NOT NULL COMMENT 'Text File Details Type',
  `tfp_id` int(11) DEFAULT NULL COMMENT 'Text File Properties Identifier',
  PRIMARY KEY (`tfd_line_number`,`tfh_id`),
  KEY `fk_tfh_id_tfd_idx` (`tfh_id`),
  CONSTRAINT `fk_tfh_id_tfd` FOREIGN KEY (`tfh_id`) REFERENCES `text_file_header` (`tfh_id`) ON UPDATE CASCADE
) ENGINE=InnoDB DEFAULT CHARSET=utf8mb4 COLLATE=utf8mb4_0900_ai_ci;
/*!40101 SET character_set_client = @saved_cs_client */;

--
-- Dumping data for table `text_file_details`
--

LOCK TABLES `text_file_details` WRITE;
/*!40000 ALTER TABLE `text_file_details` DISABLE KEYS */;
INSERT INTO `text_file_details` VALUES (1,1,'package configuration_property_1;','Personalized',1),(2,1,'package configuration_property_1;','Personalized',1),(1,2,'','Fixed',NULL),(2,2,'','Fixed',NULL),(1,3,'import java.io.BufferedWriter;','Fixed',NULL),(2,3,'import java.io.BufferedWriter;','Fixed',NULL),(1,4,'import java.io.File;','Fixed',NULL),(2,4,'import java.io.File;','Fixed',NULL),(1,5,'import java.io.FileWriter;','Fixed',NULL),(2,5,'import java.io.FileWriter;','Fixed',NULL),(1,6,'import java.util.Arrays;','Fixed',NULL),(2,6,'import java.io.IOException;','Fixed',NULL),(1,7,'import org.aspectj.lang.Signature;','Fixed',NULL),(2,7,'import java.util.List;','Fixed',NULL),(1,8,'import configuration_property_1;','Personalized',2),(2,8,'','Fixed',NULL),(1,9,'','Fixed',NULL),(2,9,'import net.sourceforge.plantuml.GeneratedImage;','Fixed',NULL),(1,10,'public aspect configuration_property_1','Personalized',3),(2,10,'import net.sourceforge.plantuml.SourceFileReader;','Fixed',NULL),(1,11,'{','Fixed',NULL),(2,11,'','Fixed',NULL),(1,12,'   String configuration_property_1;','Personalized',4),(2,12,'public aspect configuration_property_1','Personalized',2),(1,13,'   String configuration_property_1;','Personalized',5),(2,13,'{','Fixed',NULL),(1,14,'   String configuration_property_1;','Personalized',6),(2,14,'   String configuration_property_1;','Personalized',3),(1,15,'   String configuration_property_1;','Personalized',7),(2,15,'   String configuration_property_1;','Personalized',4),(1,16,'   String configuration_property_1;','Personalized',8),(2,16,'   String configuration_property_1;','Personalized',5),(1,17,'   String configuration_property_1;','Personalized',9),(2,17,'   ','Fixed',NULL),(1,18,'   String configuration_property_1;','Personalized',10),(2,18,'   String configuration_property_1;','Personalized',6),(1,19,'   String configuration_property_1;','Personalized',11),(2,19,'   String configuration_property_1;','Personalized',7),(1,20,'   String configuration_property_1;','Personalized',12),(2,20,'   String configuration_property_1;','Personalized',8),(1,21,'   String configuration_property_1;','Personalized',13),(2,21,'','Fixed',NULL),(1,22,'   ','Fixed',NULL),(2,22,'   String umlSeqDiagTextFile=projectOutputDir + umlSeqDiagTextFileName1;','Fixed',NULL),(1,23,'   String configuration_property_1;','Personalized',14),(2,23,'   String umlSeqDiagPngFile=projectOutputDir  + umlSeqDiagPngFileName1;','Fixed',NULL),(1,24,'   String configuration_property_1;','Personalized',15),(2,24,'   String method, errorMessage, content=\"\";','Fixed',NULL),(1,25,'   String configuration_property_1;','Personalized',16),(2,25,'   ','Fixed',NULL),(1,26,'   String configuration_property_1;','Personalized',17),(2,26,'   pointcut configuration_property_1(): ','Personalized',9),(1,27,'   String configuration_property_1;','Personalized',18),(2,27,'   	                      execution(configuration_property_1);','Personalized',10),(1,28,'   String configuration_property_1;','Personalized',19),(2,28,'','Fixed',NULL),(1,29,'   String configuration_property_1;','Personalized',20),(2,29,'   after(): configuration_property_1()','Personalized',9),(1,30,'   String configuration_property_1;','Personalized',21),(2,30,'   {','Fixed',NULL),(1,31,'','Fixed',NULL),(2,31,'	  System.out.println(\"Message FRL: Welcome to the Forensic-Ready Logger ...\");','Fixed',NULL),(1,32,'   String configuration_property_1;','Personalized',22),(2,32,'	   ','Fixed',NULL),(1,33,'   String configuration_property_1;','Personalized',23),(2,33,'	  // Delete UML Sequence Diagram previous Files','Fixed',NULL),(1,34,'   String configuration_property_1;','Personalized',24),(2,34,'	  deleteFiles();','Fixed',NULL),(1,35,'   String configuration_property_1;','Personalized',25),(2,35,'','Fixed',NULL),(1,36,'   String configuration_property_1;','Personalized',26),(2,36,'	  // Create a new UML Sequence Diagram Text File','Fixed',NULL),(1,37,'   String configuration_property_1;','Personalized',27),(2,37,'	  createSeqDiagramTextFile(umlSeqDiagTextFile);','Fixed',NULL),(1,38,'   String configuration_property_1;','Personalized',28),(2,38,'   }','Fixed',NULL),(1,39,'   String configuration_property_1;','Personalized',29),(2,39,'   ','Fixed',NULL),(1,40,'   ','Fixed',NULL),(2,40,'   pointcut configuration_property_1(): ','Personalized',11),(1,41,'   String umlSeqDiagTextFile=projectOutputDir + umlSeqDiagTextFileName1;','Fixed',NULL),(2,41,'   	                      call(configuration_property_1);','Personalized',12),(1,42,'   String callerClass=\"\", calleeClass=\"\", callerClassLine, calleeClassLine;','Fixed',NULL),(2,42,'','Fixed',NULL),(1,43,'   String packageMethod=\"\", classMethod=\"\";','Fixed',NULL),(2,43,'   before(): configuration_property_1()','Personalized',11),(1,44,'   String nameMethod=\"\", fullMethod=\"\", callerSuperClass=\"\", calleeSuperClass=\"\";','Fixed',NULL),(2,44,'   {','Fixed',NULL),(1,45,'   String callerType=\"\", calleeType=\"\", errorMessage=\"\", note=\"\";','Fixed',NULL),(2,45,'      // Create and update the UML Sequence Diagram Files ','Fixed',NULL),(1,46,'   String line=\"\", content=\"\", currentUser=\"\";','Fixed',NULL),(2,46,'      updateFiles();','Fixed',NULL),(1,47,'   int actorOrder=1, partOrder=1, methodsCounter=0, userCounter=0;','Fixed',NULL),(2,47,'   }','Fixed',NULL),(1,48,'   boolean callerGuiFlag= false, calleeGuiFlag=false;','Fixed',NULL),(2,48,'   ','Fixed',NULL),(1,49,'   Class<?> callerClassObj1, callerClassObj2, calleeClassObj1, calleeClassObj2; ','Fixed',NULL),(2,49,'   public void deleteSeqDiagramFile(String inputFile)','Fixed',NULL),(1,50,'   Signature method;','Fixed',NULL),(2,50,'   {','Fixed',NULL),(1,51,'   Object[] methodArgs;','Fixed',NULL),(2,51,'      File file = new File(inputFile);','Fixed',NULL),(1,52,'','Fixed',NULL),(2,52,'	   ','Fixed',NULL),(1,53,'   pointcut configuration_property_1(): ','Personalized',30),(2,53,'      // Delete an existing UML Sequence Diagram File','Fixed',NULL),(1,54,'   	                      call(configuration_property_1);','Personalized',31),(2,54,'	  if(file.exists() && !file.isDirectory()) ','Fixed',NULL),(1,55,'','Fixed',NULL),(2,55,'	     file.delete();','Fixed',NULL),(1,56,'   before(): configuration_property_1()','Personalized',30),(2,56,'	  ','Fixed',NULL),(1,57,'   {','Fixed',NULL),(2,57,'   }','Fixed',NULL),(1,58,'','Fixed',NULL),(2,58,'   ','Fixed',NULL),(1,59,'      // Get the Caller Class Details','Fixed',NULL),(2,59,'   public void deleteFiles()','Fixed',NULL),(1,60,'      callerClassObj1 = thisEnclosingJoinPointStaticPart.getSignature().getDeclaringType();','Fixed',NULL),(2,60,'   {','Fixed',NULL),(1,61,'      getCallerClassDetails(callerClassObj1);','Fixed',NULL),(2,61,'      // Delete UML Sequence Diagram Text File','Fixed',NULL),(1,62,'','Fixed',NULL),(2,62,'	  deleteSeqDiagramFile(umlSeqDiagTextFile);','Fixed',NULL),(1,63,'      // Get the Callee Class Details','Fixed',NULL),(2,63,'		  ','Fixed',NULL),(1,64,'      calleeClassObj1 = thisJoinPoint.getTarget().getClass();','Fixed',NULL),(2,64,'	  // Delete UML Sequence Diagram Png File','Fixed',NULL),(1,65,'      getCalleeClassDetails(calleeClassObj1);','Fixed',NULL),(2,65,'      deleteSeqDiagramFile(umlSeqDiagPngFile); ','Fixed',NULL),(1,66,'','Fixed',NULL),(2,66,'      ','Fixed',NULL),(1,67,'      // Get the details of the Method being executed','Fixed',NULL),(2,67,'   }','Fixed',NULL),(1,68,'      method        = thisJoinPoint.getSignature();','Fixed',NULL),(2,68,'   ','Fixed',NULL),(1,69,'      packageMethod = method.getDeclaringType().getPackageName();','Fixed',NULL),(2,69,'   public void writeTextFile(String textFile, String content)','Fixed',NULL),(1,70,'      classMethod   = method.getDeclaringType().getSimpleName();','Fixed',NULL),(2,70,'   {','Fixed',NULL),(1,71,'      nameMethod    = method.getName();','Fixed',NULL),(2,71,'      FileWriter fw = null;','Fixed',NULL),(1,72,'      methodArgs    = thisJoinPoint.getArgs();','Fixed',NULL),(2,72,'      BufferedWriter bw;','Fixed',NULL),(1,73,'      fullMethod	= nameMethod + startParameters;','Fixed',NULL),(2,73,'      File file;','Fixed',NULL),(1,74,'      ','Fixed',NULL),(2,74,'','Fixed',NULL),(1,75,'      // Validate if the CallerClass is a Graphical User Interface Class','Fixed',NULL),(2,75,'      try','Fixed',NULL),(1,76,'      // Build the Caller Class Line','Fixed',NULL),(2,76,'      {','Fixed',NULL),(1,77,'      if(callerGuiFlag == true)','Fixed',NULL),(2,77,'         // Create a new textFile','Fixed',NULL),(1,78,'      {	  ','Fixed',NULL),(2,78,'         file = new File(textFile);','Fixed',NULL),(1,79,'    	 // Build the method line ','Fixed',NULL),(2,79,'','Fixed',NULL),(1,80,'         fullMethod = fullMethod + endParameters;','Fixed',NULL),(2,80,'         // Validate if the textFile exists','Fixed',NULL),(1,81,'         ','Fixed',NULL),(2,81,'         if (!file.exists()) ','Fixed',NULL),(1,82,'         // Build the note line','Fixed',NULL),(2,82,'         {','Fixed',NULL),(1,83,'         note = startNote   + whiteSpaceWordsDelimiter1 + currentUser + whiteSpaceWordsDelimiter1 + colorDelimiter + colorNote + ','Fixed',NULL),(2,83,'            file.createNewFile();','Fixed',NULL),(1,84,'                whiteSpaceWordsDelimiter1 + newLine1 + callerClass + ','Fixed',NULL),(2,84,'            fw = new FileWriter(file.getAbsoluteFile());','Fixed',NULL),(1,85,'                newLine1 + endNote + newLine1;','Fixed',NULL),(2,85,'         }','Fixed',NULL),(1,86,'         ','Fixed',NULL),(2,86,'         else','Fixed',NULL),(1,87,'         // Assign the value to the caller Class','Fixed',NULL),(2,87,'            fw = new FileWriter(file, true);','Fixed',NULL),(1,88,'         callerClass = currentUser;','Fixed',NULL),(2,88,'         ','Fixed',NULL),(1,89,'         ','Fixed',NULL),(2,89,'         bw = new BufferedWriter(fw);','Fixed',NULL),(1,90,'         // Build the caller Class Line','Fixed',NULL),(2,90,'','Fixed',NULL),(1,91,'         callerClassLine = member1 + whiteSpaceWordsDelimiter1  + callerClass + ','Fixed',NULL),(2,91,'         // Write in the textFile','Fixed',NULL),(1,92,'        		           whiteSpaceWordsDelimiter1 + position + whiteSpaceWordsDelimiter1 + actorOrder;','Fixed',NULL),(2,92,'         fw.append(content);','Fixed',NULL),(1,93,'      }   ','Fixed',NULL),(2,93,'','Fixed',NULL),(1,94,'      else','Fixed',NULL),(2,94,'         // Close the textFile','Fixed',NULL),(1,95,'      {	  ','Fixed',NULL),(2,95,'         bw.close();','Fixed',NULL),(1,96,'    	 // Build the method line  ','Fixed',NULL),(2,96,'         ','Fixed',NULL),(1,97,'         fullMethod = fullMethod + Arrays.toString(methodArgs) + endParameters;','Fixed',NULL),(2,97,'      }','Fixed',NULL),(1,98,'         ','Fixed',NULL),(2,98,'      catch(Exception e)','Fixed',NULL),(1,99,'         // The note line will be empty','Fixed',NULL),(2,99,'      {','Fixed',NULL),(1,100,'         note = \"\";','Fixed',NULL),(2,100,'         errorMessage = e.getMessage();','Fixed',NULL),(1,101,'         ','Fixed',NULL),(2,101,'         System.out.println(\"Error FRL: Occurred while opening the UML Sequence Diagram Text File: \"+umlSeqDiagTextFile + \"Error Message: \" + errorMessage);','Fixed',NULL),(1,102,'         // Increase the participants Order Counter','Fixed',NULL),(2,102,'      }','Fixed',NULL),(1,103,'         partOrder++;','Fixed',NULL),(2,103,'            ','Fixed',NULL),(1,104,'         ','Fixed',NULL),(2,104,'   }  ','Fixed',NULL),(1,105,'         // Build the caller Class Line','Fixed',NULL),(2,105,'   ','Fixed',NULL),(1,106,'         callerClassLine = member2 + whiteSpaceWordsDelimiter1 + callerClass + ','Fixed',NULL),(2,106,'   public void createSeqDiagramTextFile(String textFile)','Fixed',NULL),(1,107,'        		           whiteSpaceWordsDelimiter1 + position + whiteSpaceWordsDelimiter1 + partOrder;','Fixed',NULL),(2,107,'   {','Fixed',NULL),(1,108,'      }   ','Fixed',NULL),(2,108,' ','Fixed',NULL),(1,109,'      ','Fixed',NULL),(2,109,'      content = \"\";','Fixed',NULL),(1,110,'      partOrder++;','Fixed',NULL),(2,110,'','Fixed',NULL),(1,111,'      ','Fixed',NULL),(2,111,'      // Plant UML Instructions','Fixed',NULL),(1,112,'      // Build the callee Class Line','Fixed',NULL),(2,112,'      content = startUMLSeqDiagram + newLine1;','Fixed',NULL),(1,113,'      calleeClassLine = member2 + whiteSpaceWordsDelimiter1 + calleeClass + ','Fixed',NULL),(2,113,'      content = content + \"skinparam backgroundColor #EEEBDC\"   + newLine1;','Fixed',NULL),(1,114,'    		            whiteSpaceWordsDelimiter1 + position + whiteSpaceWordsDelimiter1 + partOrder;','Fixed',NULL),(2,114,'      content = content + \"skinparam sequence {\"                + newLine1;','Fixed',NULL),(1,115,'    		  ','Fixed',NULL),(2,115,'      content = content + \"ArrowColor DarkBlue\"                 + newLine1;','Fixed',NULL),(1,116,'      // Generate the Plant UML line to generate the UML Sequence Diagram Text File','Fixed',NULL),(2,116,'      content = content + \"ActorBorderColor DarkBlue\"           + newLine1;','Fixed',NULL),(1,117,'      updateSeqDiagTextFile(callerClass, calleeClass, fullMethod, note, callerClassLine, calleeClassLine);','Fixed',NULL),(2,117,'      content = content + \"LifeLineBorderColor blue\"            + newLine1;','Fixed',NULL),(1,118,'','Fixed',NULL),(2,118,'      content = content + \"LifeLineBackgroundColor DarkBlue\"    + newLine1;','Fixed',NULL),(1,119,'   } ','Fixed',NULL),(2,119,'      content = content + \"ParticipantBorderColor DarkBlue\"     + newLine1;','Fixed',NULL),(1,120,'   ','Fixed',NULL),(2,120,'      content = content + \"ParticipantBackgroundColor DarkBlue\" + newLine1;','Fixed',NULL),(1,121,'   public void updateSeqDiagTextFile(String inputCallerClass, String inputCalleeClass, ','Fixed',NULL),(2,121,'      content = content + \"ParticipantFontName Impact\"          + newLine1;','Fixed',NULL),(1,122,'		                             String inputMethod, String inputNote, String inputCallerClassLine,','Fixed',NULL),(2,122,'      content = content + \"ParticipantFontSize 17\"              + newLine1;','Fixed',NULL),(1,123,'		                             String inputCalleeClassLine)','Fixed',NULL),(2,123,'      content = content + \"ParticipantFontColor #A9DCDF\"        + newLine1;','Fixed',NULL),(1,124,'   {','Fixed',NULL),(2,124,'      content = content + \"ActorBackgroundColor DarkBlue\"       + newLine1;','Fixed',NULL),(1,125,'	   ','Fixed',NULL),(2,125,'      content = content + \"ActorFontColor DarkBlue\"             + newLine1;','Fixed',NULL),(1,126,'      line    = \"\";','Fixed',NULL),(2,126,'      content = content + \"ActorFontSize 17\"                    + newLine1;','Fixed',NULL),(1,127,'      content = \"\";','Fixed',NULL),(2,127,'      content = content + \"ActorFontName Aapex\"                 + newLine1;','Fixed',NULL),(1,128,'      ','Fixed',NULL),(2,128,'      content = content + \"}\"                                   + newLine1;','Fixed',NULL),(1,129,'      // Generating the content of the Text File which contains Plant UML instructions','Fixed',NULL),(2,129,'         ','Fixed',NULL),(1,130,'      // to generate the UML Sequence Diagram','Fixed',NULL),(2,130,'      content = String.format(content);','Fixed',NULL),(1,131,'      ','Fixed',NULL),(2,131,'      ','Fixed',NULL),(1,132,'      line    = inputCallerClassLine + newLine1;','Fixed',NULL),(2,132,'      // Write the Plant Uml Lines into the UML Sequence Diagram Text File','Fixed',NULL),(1,133,'      content = content + line;','Fixed',NULL),(2,133,'	  writeTextFile(textFile, content);','Fixed',NULL),(1,134,'      ','Fixed',NULL),(2,134,' ','Fixed',NULL),(1,135,'      line    = inputCalleeClassLine + newLine1;','Fixed',NULL),(2,135,'   }','Fixed',NULL),(1,136,'      content = content + line;','Fixed',NULL),(2,136,'','Fixed',NULL),(1,137,'      ','Fixed',NULL),(2,137,'   public void createSeqDiagramPngFile(String textFile)','Fixed',NULL),(1,138,'      line    = inputNote;','Fixed',NULL),(2,138,'   {','Fixed',NULL),(1,139,'      content = content + line;','Fixed',NULL),(2,139,'      File file1 = new File(textFile); ','Fixed',NULL),(1,140,'','Fixed',NULL),(2,140,'	  SourceFileReader reader = null;','Fixed',NULL),(1,141,'      // Increase the methods Counter','Fixed',NULL),(2,141,'	  List<GeneratedImage> list = null;','Fixed',NULL),(1,142,'      methodsCounter ++;','Fixed',NULL),(2,142,'	  ','Fixed',NULL),(1,143,'      ','Fixed',NULL),(2,143,'	  // Create the Reader of the UML Sequence Diagram Text File','Fixed',NULL),(1,144,'      line = inputCallerClass + whiteSpaceWordsDelimiter1 + startSendMessage + ','Fixed',NULL),(2,144,'	  try ','Fixed',NULL),(1,145,'    		 inputCalleeClass + endSendMessage            + whiteSpaceWordsDelimiter1 + ','Fixed',NULL),(2,145,'	  {','Fixed',NULL),(1,146,'    		 methodsCounter   + objectOrientedDelimiter1  + inputMethod + newLine1;','Fixed',NULL),(2,146,'	     reader = new SourceFileReader(file1);','Fixed',NULL),(1,147,'      content = content + line;     ','Fixed',NULL),(2,147,'	  } ','Fixed',NULL),(1,148,'      ','Fixed',NULL),(2,148,'	  catch (IOException e) ','Fixed',NULL),(1,149,'      line    = space + newLine1;','Fixed',NULL),(2,149,'	  {','Fixed',NULL),(1,150,'      content = content + line;','Fixed',NULL),(2,150,'	     errorMessage = e.getMessage();','Fixed',NULL),(1,151,'      ','Fixed',NULL),(2,151,'	     System.out.println(\"Error FRL: Occurred while reading the UML Sequence Diagram Text File: \"+textFile + \"Error Message: \" + errorMessage);','Fixed',NULL),(1,152,'      content = String.format(content);','Fixed',NULL),(2,152,'	  }','Fixed',NULL),(1,153,'','Fixed',NULL),(2,153,'	   ','Fixed',NULL),(1,154,'      // Write the Plant Uml Line into the UML Sequence Diagram Text File','Fixed',NULL),(2,154,'	  // Generate the list of images using the Sequence Diagram Text File','Fixed',NULL),(1,155,'      writeTextFile(umlSeqDiagTextFile, content);   ','Fixed',NULL),(2,155,'	  try ','Fixed',NULL),(1,156,'','Fixed',NULL),(2,156,'	  {','Fixed',NULL),(1,157,'   } ','Fixed',NULL),(2,157,'	     list = reader.getGeneratedImages();','Fixed',NULL),(1,158,'   ','Fixed',NULL),(2,158,'	  } ','Fixed',NULL),(1,159,'   pointcut configuration_property_1(): ','Personalized',32),(2,159,'	  catch (IOException e) ','Fixed',NULL),(1,160,'   	                      execution(configuration_property_1);','Personalized',33),(2,160,'	  {','Fixed',NULL),(1,161,'      ','Fixed',NULL),(2,161,'	     errorMessage = e.getMessage();','Fixed',NULL),(1,162,'   before(): configuration_property_1()','Personalized',32),(2,162,'		 System.out.println(\"Error FRL: Occurred while generating the UML Sequence Diagram Png File\" + \"Error Message: \" + errorMessage);','Fixed',NULL),(1,163,'   {','Fixed',NULL),(2,163,'	  }','Fixed',NULL),(1,164,'   	   ','Fixed',NULL),(2,164,'	   ','Fixed',NULL),(1,165,'	  line    = \"\";','Fixed',NULL),(2,165,'	  // Generated the UML Sequence Diagram Png File','Fixed',NULL),(1,166,'	  content = \"\";','Fixed',NULL),(2,166,'	  file1 = list.get(0).getPngFile();','Fixed',NULL),(1,167,'	      ','Fixed',NULL),(2,167,' 	   ','Fixed',NULL),(1,168,'      // Add a division in the UML Sequence Diagram Text File  ','Fixed',NULL),(2,168,'   }','Fixed',NULL),(1,169,'	  line = startDivision + whiteSpaceWordsDelimiter1 + ','Fixed',NULL),(2,169,'   ','Fixed',NULL),(1,170,'	         projectName   + whiteSpaceWordsDelimiter1 + ','Fixed',NULL),(2,170,'   public void updateFiles()','Fixed',NULL),(1,171,'	    	 endDivision   + newLine1;','Fixed',NULL),(2,171,'   {','Fixed',NULL),(1,172,'	  ','Fixed',NULL),(2,172,'	   ','Fixed',NULL),(1,173,'      content = content + line;','Fixed',NULL),(2,173,'	  // Update the UML Sequence Diagram Text File with the @endUml Instruction  ','Fixed',NULL),(1,174,'      ','Fixed',NULL),(2,174,'      content = endUMLSeqDiagram + newLine1;','Fixed',NULL),(1,175,'      content = String.format(content);','Fixed',NULL),(2,175,'      content = String.format(content);','Fixed',NULL),(1,176,'      ','Fixed',NULL),(2,176,'      ','Fixed',NULL),(1,177,'      // Write this division into the UML Sequence Diagram Text File','Fixed',NULL),(2,177,'      // Write the contents into the UML Sequence Diagram Text File','Fixed',NULL),(1,178,'	  writeTextFile(umlSeqDiagTextFile, content);','Fixed',NULL),(2,178,'      writeTextFile(umlSeqDiagTextFile, content);','Fixed',NULL),(1,179,'	  ','Fixed',NULL),(2,179,'      ','Fixed',NULL),(1,180,'	  // Initialize the methods counter','Fixed',NULL),(2,180,'      // Create the UML Sequence Diagram Png File','Fixed',NULL),(1,181,'	  methodsCounter = 0;','Fixed',NULL),(2,181,'   	  createSeqDiagramPngFile(umlSeqDiagTextFile);','Fixed',NULL),(1,182,'	  ','Fixed',NULL),(2,182,'	      ','Fixed',NULL),(1,183,'	  // Increase the users counters','Fixed',NULL),(2,183,'  	  // Print on the screen Informative Messages','Fixed',NULL),(1,184,'	  userCounter ++;','Fixed',NULL),(2,184,'	  System.out.println(\"Message FRL: UML Sequence Diagram Text File created: \"+umlSeqDiagTextFile);','Fixed',NULL),(1,185,'	  ','Fixed',NULL),(2,185,'	  System.out.println(\"Message FRL: UML Sequence Diagram PNG File created : \"+umlSeqDiagPngFile);','Fixed',NULL),(1,186,'	  currentUser = userName + validSpecialCharacter + userCounter;','Fixed',NULL),(2,186,'      System.out.println(\"Message FRL: Good Bye to the Forensic-Ready Logger.\");','Fixed',NULL),(1,187,'	  ','Fixed',NULL),(2,187,'	  ','Fixed',NULL),(1,188,'   }  ','Fixed',NULL),(2,188,'   }  ','Fixed',NULL),(1,189,'     ','Fixed',NULL),(2,189,'   ','Fixed',NULL),(1,190,'   public void writeTextFile(String textfile, String content)','Fixed',NULL),(2,190,'}','Fixed',NULL),(1,191,'   {','Fixed',NULL),(1,192,'      FileWriter fw = null;','Fixed',NULL),(1,193,'      BufferedWriter bw;','Fixed',NULL),(1,194,'      File file;','Fixed',NULL),(1,195,'','Fixed',NULL),(1,196,'      try','Fixed',NULL),(1,197,'      {','Fixed',NULL),(1,198,'         // Create a new textFile','Fixed',NULL),(1,199,'         file = new File(umlSeqDiagTextFile);','Fixed',NULL),(1,200,'','Fixed',NULL),(1,201,'         if(file.exists())','Fixed',NULL),(1,202,'         {','Fixed',NULL),(1,203,'            fw = new FileWriter(file,true);','Fixed',NULL),(1,204,'            bw = new BufferedWriter(fw);','Fixed',NULL),(1,205,'','Fixed',NULL),(1,206,'            // Write in the textFile','Fixed',NULL),(1,207,'            fw.append(content);','Fixed',NULL),(1,208,'','Fixed',NULL),(1,209,'            // Close the textFile','Fixed',NULL),(1,210,'            bw.close();','Fixed',NULL),(1,211,'         }','Fixed',NULL),(1,212,'         ','Fixed',NULL),(1,213,'      }','Fixed',NULL),(1,214,'      catch(Exception e)','Fixed',NULL),(1,215,'      {','Fixed',NULL),(1,216,'         errorMessage = e.getMessage();','Fixed',NULL),(1,217,'         System.out.println(\"Error FRL: Occurred while opening the UML Sequence Diagram Text File: \"+umlSeqDiagTextFile + \"Error Message: \" + errorMessage);','Fixed',NULL),(1,218,'      }','Fixed',NULL),(1,219,'            ','Fixed',NULL),(1,220,'   }  ','Fixed',NULL),(1,221,'   ','Fixed',NULL),(1,222,'   public boolean validateSuperClass(String inputSuperClass)','Fixed',NULL),(1,223,'   {','Fixed',NULL),(1,224,'      String inputGuiLibStr, lib;','Fixed',NULL),(1,225,'      String [] guiLibsArray; ','Fixed',NULL),(1,226,'      int c=0;','Fixed',NULL),(1,227,'      boolean guiFlag = false;	','Fixed',NULL),(1,228,'','Fixed',NULL),(1,229,'      inputGuiLibStr = guiLibs;','Fixed',NULL),(1,230,'   ','Fixed',NULL),(1,231,'      // Get the Array from the Input GUI Library String','Fixed',NULL),(1,232,'      guiLibsArray = inputGuiLibStr.split(guiLibDelimiter); ','Fixed',NULL),(1,233,'   ','Fixed',NULL),(1,234,'      while(c < guiLibsArray.length && guiFlag == false)','Fixed',NULL),(1,235,'      {','Fixed',NULL),(1,236,'         lib = guiLibsArray[c];','Fixed',NULL),(1,237,'         ','Fixed',NULL),(1,238,'         // Validate if the inputSuperClass contains the current Library prefix','Fixed',NULL),(1,239,'	     if(inputSuperClass.contains(lib))','Fixed',NULL),(1,240,'	        guiFlag = true;	','Fixed',NULL),(1,241,'	  ','Fixed',NULL),(1,242,'	     c++;','Fixed',NULL),(1,243,'      } ','Fixed',NULL),(1,244,'   ','Fixed',NULL),(1,245,'      return guiFlag;   ','Fixed',NULL),(1,246,'   }  ','Fixed',NULL),(1,247,'','Fixed',NULL),(1,248,'   public String getSuperClass(Class<?>  inputClass)','Fixed',NULL),(1,249,'   {','Fixed',NULL),(1,250,'	   ','Fixed',NULL),(1,251,'      // Obtain the Class and SuperClass of the current Method Body File','Fixed',NULL),(1,252,'      String superClass = \"\";','Fixed',NULL),(1,253,'		  		  		  ','Fixed',NULL),(1,254,'      // Get the superclass from the class','Fixed',NULL),(1,255,'      Class<?> superclz = inputClass.getSuperclass();','Fixed',NULL),(1,256,'      superClass = superclz.toString();','Fixed',NULL),(1,257,'   ','Fixed',NULL),(1,258,'      return superClass;  ','Fixed',NULL),(1,259,'   }','Fixed',NULL),(1,260,'','Fixed',NULL),(1,261,'   public Class<?> getUpdatedClass(String inputClass)','Fixed',NULL),(1,262,'   {','Fixed',NULL),(1,263,'      Class<?> classObj = null;','Fixed',NULL),(1,264,'	','Fixed',NULL),(1,265,'      try ','Fixed',NULL),(1,266,'      {','Fixed',NULL),(1,267,'         classObj = Class.forName(inputClass);','Fixed',NULL),(1,268,'      } ','Fixed',NULL),(1,269,'      catch (ClassNotFoundException e) ','Fixed',NULL),(1,270,'      {','Fixed',NULL),(1,271,'         errorMessage = e.getMessage();','Fixed',NULL),(1,272,'	     System.out.println(\"Error FRL: Occurred while creating a New Class. Error Message: \" + errorMessage);','Fixed',NULL),(1,273,'      }','Fixed',NULL),(1,274,'	','Fixed',NULL),(1,275,'      return classObj;	','Fixed',NULL),(1,276,'   }','Fixed',NULL),(1,277,'   ','Fixed',NULL),(1,278,'   public String validateClass(String inputClass)','Fixed',NULL),(1,279,'   {','Fixed',NULL),(1,280,'      String outputClass = inputClass, element1, searchWhiteSpace=\"\\\\s+\";	','Fixed',NULL),(1,281,'      String[] elements;','Fixed',NULL),(1,282,'   ','Fixed',NULL),(1,283,'      // Replace the bluePrintObject: \"class\" for \"\"','Fixed',NULL),(1,284,'      if(outputClass.contains(bluePrintObject1))','Fixed',NULL),(1,285,'         outputClass = outputClass.replace(bluePrintObject1,\"\");','Fixed',NULL),(1,286,'	','Fixed',NULL),(1,287,'      // Remove the WhiteSpaces from the beginning of the string','Fixed',NULL),(1,288,'      outputClass = outputClass.replaceFirst(searchWhiteSpace, \"\");','Fixed',NULL),(1,289,'   ','Fixed',NULL),(1,290,'      // Replace the specialCharacter1:\"$\" for \"_\"','Fixed',NULL),(1,291,'      if(outputClass.contains(invalidSpecialCharacter))','Fixed',NULL),(1,292,'      {	   ','Fixed',NULL),(1,293,'	     // Replace the dollarDelimiter:\"$\" for \"_\"','Fixed',NULL),(1,294,'         outputClass = outputClass.replace(invalidSpecialCharacter, validSpecialCharacter);','Fixed',NULL),(1,295,'','Fixed',NULL),(1,296,'	     // Divide the string in two parts using the \"_\" delimiter','Fixed',NULL),(1,297,'         elements = outputClass.split(validSpecialCharacter); ','Fixed',NULL),(1,298,'      ','Fixed',NULL),(1,299,'         // Get the first part','Fixed',NULL),(1,300,'  	     element1 = elements[0];','Fixed',NULL),(1,301,'         outputClass = element1;','Fixed',NULL),(1,302,'      ','Fixed',NULL),(1,303,'      }   ','Fixed',NULL),(1,304,'   ','Fixed',NULL),(1,305,'      return outputClass;','Fixed',NULL),(1,306,'   }','Fixed',NULL),(1,307,'   ','Fixed',NULL),(1,308,'   public void getCalleeClassDetails(Class<?> calleeClassObj0)','Fixed',NULL),(1,309,'   {','Fixed',NULL),(1,310,'	   ','Fixed',NULL),(1,311,'	  // Get the calleeClass ','Fixed',NULL),(1,312,'      calleeClass = calleeClassObj0.toString();','Fixed',NULL),(1,313,'','Fixed',NULL),(1,314,'	  // Validate the calleeClass','Fixed',NULL),(1,315,'	  calleeClass = validateClass(calleeClass);','Fixed',NULL),(1,316,'','Fixed',NULL),(1,317,'	  //Get the Updated Object Class ','Fixed',NULL),(1,318,'	  calleeClassObj2 = getUpdatedClass(calleeClass);','Fixed',NULL),(1,319,'','Fixed',NULL),(1,320,'	  //Get the superClass of the caller Class','Fixed',NULL),(1,321,'	  calleeSuperClass = getSuperClass(calleeClassObj2);','Fixed',NULL),(1,322,'	','Fixed',NULL),(1,323,'	  // Get the flag of the callerSuperClass GUI','Fixed',NULL),(1,324,'	  calleeGuiFlag = validateSuperClass(calleeSuperClass);','Fixed',NULL),(1,325,'','Fixed',NULL),(1,326,'	  // Validate if callerSuperClass corresponds to GUI','Fixed',NULL),(1,327,'	  if(calleeGuiFlag == true)','Fixed',NULL),(1,328,'	  {','Fixed',NULL),(1,329,'	     //calleeClass = calleeClass;','Fixed',NULL),(1,330,'	     calleeType = member1;','Fixed',NULL),(1,331,'	  }','Fixed',NULL),(1,332,'	  else','Fixed',NULL),(1,333,'	     calleeType = member2;','Fixed',NULL),(1,334,'   }','Fixed',NULL),(1,335,'   ','Fixed',NULL),(1,336,'   public void getCallerClassDetails(Class<?> callerClassObj0)','Fixed',NULL),(1,337,'   {','Fixed',NULL),(1,338,'	   ','Fixed',NULL),(1,339,'      // Get the caller Class','Fixed',NULL),(1,340,'      callerClass = callerClassObj0.toString();','Fixed',NULL),(1,341,'','Fixed',NULL),(1,342,'	  // Validate the caller Class','Fixed',NULL),(1,343,'	  callerClass = validateClass(callerClass);','Fixed',NULL),(1,344,'','Fixed',NULL),(1,345,'	  // Get the Updated Object Class ','Fixed',NULL),(1,346,'	  callerClassObj2 = getUpdatedClass(callerClass);','Fixed',NULL),(1,347,'','Fixed',NULL),(1,348,'	  // Get the superClass of the caller Class','Fixed',NULL),(1,349,'	  callerSuperClass = getSuperClass(callerClassObj2);','Fixed',NULL),(1,350,'','Fixed',NULL),(1,351,'	  // Get the flag of the callerSuperClass GUI','Fixed',NULL),(1,352,'	  callerGuiFlag = validateSuperClass(callerSuperClass);','Fixed',NULL),(1,353,'','Fixed',NULL),(1,354,'	  // Validate if callerSuperClass corresponds to GUI','Fixed',NULL),(1,355,'	  if(callerGuiFlag == true)','Fixed',NULL),(1,356,'	  {	','Fixed',NULL),(1,357,'	     //callerClass = callerClass;','Fixed',NULL),(1,358,'	     callerType = member1;','Fixed',NULL),(1,359,'	  }','Fixed',NULL),(1,360,'	  else','Fixed',NULL),(1,361,'	     callerType = member2;','Fixed',NULL),(1,362,'   }','Fixed',NULL),(1,363,'  ','Fixed',NULL),(1,364,'}','Fixed',NULL);
/*!40000 ALTER TABLE `text_file_details` ENABLE KEYS */;
UNLOCK TABLES;

--
-- Table structure for table `text_file_header`
--

DROP TABLE IF EXISTS `text_file_header`;
/*!40101 SET @saved_cs_client     = @@character_set_client */;
 SET character_set_client = utf8mb4 ;
CREATE TABLE `text_file_header` (
  `tfh_id` int(11) NOT NULL COMMENT 'Text File Header Identifier',
  `tfh_filename` varchar(500) NOT NULL COMMENT 'Text File Header Filename',
  `tfh_path` varchar(5000) NOT NULL COMMENT 'Text File Header Path',
  `tfh_name` varchar(500) NOT NULL COMMENT 'Text File Header Name',
  `tfh_type` enum('Aspect','Class') NOT NULL COMMENT 'Text File Header Type',
  `tfh_package_name` varchar(500) NOT NULL COMMENT 'Text File Header Package Name',
  `pl_id` int(11) NOT NULL COMMENT 'Programming Language Identifier',
  PRIMARY KEY (`tfh_id`),
  KEY `fk_pl_id_idx` (`pl_id`),
  CONSTRAINT `fk_pl_id_tfh` FOREIGN KEY (`pl_id`) REFERENCES `programming_language` (`pl_id`) ON UPDATE CASCADE
) ENGINE=InnoDB DEFAULT CHARSET=utf8mb4 COLLATE=utf8mb4_0900_ai_ci;
/*!40101 SET character_set_client = @saved_cs_client */;

--
-- Dumping data for table `text_file_header`
--

LOCK TABLES `text_file_header` WRITE;
/*!40000 ALTER TABLE `text_file_header` DISABLE KEYS */;
INSERT INTO `text_file_header` VALUES (1,'FrlDatabaseMethods.aj','/Users/fannyriveraortiz/Desktop/Input/frl/','FrlDatabaseMethods','Aspect','frl',1),(2,'FrlStart.aj','/Users/fannyriveraortiz/Desktop/Input/frl/','FrlStart','Aspect','frl',1);
/*!40000 ALTER TABLE `text_file_header` ENABLE KEYS */;
UNLOCK TABLES;

--
-- Table structure for table `text_file_plain`
--

DROP TABLE IF EXISTS `text_file_plain`;
/*!40101 SET @saved_cs_client     = @@character_set_client */;
 SET character_set_client = utf8mb4 ;
CREATE TABLE `text_file_plain` (
  `tfh_id` int(11) DEFAULT NULL COMMENT 'Text File Header Id',
  `tfp_line_number` int(11) NOT NULL COMMENT 'Text File Plain Line Number',
  `tfp_text` varchar(5000) NOT NULL COMMENT 'Text File Plain Text',
  KEY `fk_tfh_id_tfp_idx` (`tfh_id`),
  CONSTRAINT `fk_tfh_id_tfp` FOREIGN KEY (`tfh_id`) REFERENCES `text_file_header` (`tfh_id`) ON UPDATE CASCADE
) ENGINE=InnoDB DEFAULT CHARSET=utf8mb4 COLLATE=utf8mb4_0900_ai_ci;
/*!40101 SET character_set_client = @saved_cs_client */;

--
-- Dumping data for table `text_file_plain`
--

LOCK TABLES `text_file_plain` WRITE;
/*!40000 ALTER TABLE `text_file_plain` DISABLE KEYS */;
INSERT INTO `text_file_plain` VALUES (1,1,'package frl;'),(1,2,''),(1,3,'import java.io.BufferedWriter;'),(1,4,'import java.io.File;'),(1,5,'import java.io.FileWriter;'),(1,6,'import java.util.Arrays;'),(1,7,'import org.aspectj.lang.Signature;'),(1,8,'import java.util.ArrayList;'),(1,9,''),(1,10,'public aspect FrlDatabaseMethods'),(1,11,'{'),(1,12,'   String projectName=\"HRMApplication\";'),(1,13,'   String projectOutputDir=\"/Users/fannyriveraortiz/Desktop/Output/\";'),(1,14,'   String umlSeqDiagTextFileName1=\"IncidentSequenceDiagram.txt\";'),(1,15,'   String guiLibs=\"java.awt;javax.swing;org.eclipse.swt;javafx;org.apache.pivot.wtk;com.trolltech.qt.gui;\";'),(1,16,'   String bluePrintObject1=\"class\";'),(1,17,'   String objectOrientedDelimiter1=\".\";'),(1,18,'   String startParameters=\"(\";'),(1,19,'   String endParameters=\")\";'),(1,20,'   String newLine1=\"%n\";'),(1,21,'   String whiteSpaceWordsDelimiter1=\" \";'),(1,22,'   '),(1,23,'   String guiLibDelimiter=\";\";'),(1,24,'   String invalidSpecialCharacter=\"$\";'),(1,25,'   String validSpecialCharacter=\"_\";'),(1,26,'   String member1=\"actor\";'),(1,27,'   String member2=\"participant\";'),(1,28,'   String startSendMessage=\"->\";'),(1,29,'   String endSendMessage=\":\";'),(1,30,'   String userName=\"User\";'),(1,31,''),(1,32,'   String startNote=\"note left of\";'),(1,33,'   String endNote=\"end note\";'),(1,34,'   String colorDelimiter=\"#\";'),(1,35,'   String colorNote=\"lightskyblue\";'),(1,36,'   String position=\"order\";'),(1,37,'   String space=\"||20||\";'),(1,38,'   String startDivision=\"== Connects to the\";'),(1,39,'   String endDivision=\"==\";'),(1,40,'   '),(1,41,'   String umlSeqDiagTextFile=projectOutputDir + umlSeqDiagTextFileName1;'),(1,42,'   String callerClass=\"\", calleeClass=\"\", callerClassLine, calleeClassLine;'),(1,43,'   String packageMethod=\"\", classMethod=\"\";'),(1,44,'   String nameMethod=\"\", fullMethod=\"\", callerSuperClass=\"\", calleeSuperClass=\"\";'),(1,45,'   String callerType=\"\", calleeType=\"\", errorMessage=\"\", note=\"\";'),(1,46,'   String line=\"\", content=\"\", currentUser=\"\";'),(1,47,'   int actorOrder=1, partOrder=1, methodsCounter=0, userCounter=0;'),(1,48,'   boolean callerGuiFlag= false, calleeGuiFlag=false;'),(1,49,'   Class<?> callerClassObj1, callerClassObj2, calleeClassObj1, calleeClassObj2; '),(1,50,'   Signature method;'),(1,51,'   Object[] methodArgs;'),(1,52,''),(1,53,'   pointcut databaseMethods(): '),(1,54,'                            call(void model.ModuleDatabase.saveModules(..)) || '),(1,55,'                            call(void controller.ModuleController.saveModules(..)) || '),(1,56,'                            call(void test.TestModuleDb.main(..)) || '),(1,57,'                            call(String model.ModuleDatabase.getModules(..)) || '),(1,58,'                            call(String controller.ModuleController.getModules(..)) || '),(1,59,'                            call(String model.ModuleDatabase.getSubModules(..)) || '),(1,60,'                            call(String controller.ModuleController.getSubModules(..)) || '),(1,61,'                            call(void model.EmployeeDatabase.loadEmployee(..)) || '),(1,62,'                            call(void test.TestEmployeeDb.main(..)) || '),(1,63,'                            call(void controller.EmployeeController.loadEmployee(..)) || '),(1,64,'                            call(int model.EmployeeDatabase.maxNumEmployee(..)) || '),(1,65,'                            call(int controller.EmployeeController.maxNumEmployee(..)) || '),(1,66,'                            call(void model.EmployeeDatabase.load(..)) || '),(1,67,'                            call(void controller.EmployeeController.load(..)) || '),(1,68,'                            call(boolean model.EmployeeDatabase.validateFullName(..)) || '),(1,69,'                            call(boolean controller.EmployeeController.validateFullName(..)) || '),(1,70,'                            call(boolean model.EmployeeDatabase.validateDeleteEmployee2(..)) || '),(1,71,'                            call(boolean controller.EmployeeController.validateDeleteEmployee2(..)) || '),(1,72,'                            call(ArrayList<model.Employee> model.EmployeeDatabase.loadSupervisors(..)) || '),(1,73,'                            call(ArrayList<model.Employee> controller.EmployeeController.loadSupervisors(..)) || '),(1,74,'                            call(boolean model.EmployeeDatabase.validateDeleteEmployee1(..)) || '),(1,75,'                            call(boolean controller.EmployeeController.validateDeleteEmployee1(..)) || '),(1,76,'                            call(void model.EmployeeDatabase.save(..)) || '),(1,77,'                            call(void controller.EmployeeController.save(..)) || '),(1,78,'                            call(void model.EmployeeDatabase.delete(..)) || '),(1,79,'                            call(void controller.EmployeeController.delete(..)) || '),(1,80,'                            call(boolean model.UserDatabase.validateDeleteUser(..)) || '),(1,81,'                            call(void test.TestUserDb.main(..)) || '),(1,82,'                            call(boolean controller.UserController.validateDeleteUser(..)) || '),(1,83,'                            call(boolean model.UserDatabase.validateEmail(..)) || '),(1,84,'                            call(boolean controller.UserController.validateEmail(..)) || '),(1,85,'                            call(void model.UserDatabase.load(..)) || '),(1,86,'                            call(void controller.UserController.load(..)) || '),(1,87,'                            call(boolean model.UserDatabase.validateEmployee(..)) || '),(1,88,'                            call(boolean controller.UserController.validateEmployee(..)) || '),(1,89,'                            call(boolean model.UserDatabase.validateUser(..)) || '),(1,90,'                            call(model.UserLevel model.UserDatabase.getUserLevel(..)) || '),(1,91,'                            call(model.UserLevel controller.UserController.getUserLevel(..)) || '),(1,92,'                            call(void test.TestLoginDb.main(..)) || '),(1,93,'                            call(void model.UserDatabase.save(..)) || '),(1,94,'                            call(void controller.UserController.save(..)) || '),(1,95,'                            call(boolean model.UserDatabase.validateUser(..)) || '),(1,96,'                            call(boolean controller.UserController.validateUser(..)) || '),(1,97,'                            call(void model.UserDatabase.loadUser(..)) || '),(1,98,'                            call(void controller.UserController.loadUser(..)) || '),(1,99,'                            call(ArrayList<model.Employee> model.UserDatabase.loadFullNameEmployees(..)) || '),(1,100,'                            call(ArrayList<model.Employee> controller.UserController.loadFullNameEmployees(..)) || '),(1,101,'                            call(void model.UserDatabase.delete(..)) || '),(1,102,'                            call(void controller.UserController.delete(..)) || '),(1,103,'                            call(void model.TravelRequestDatabase.loadTravelRequest(..)) || '),(1,104,'                            call(void test.TestTravelRequestDb.main(..)) || '),(1,105,'                            call(void controller.TravelRequestController.loadTravelRequest(..)) || '),(1,106,'                            call(void model.TravelRequestDatabase.load(..)) || '),(1,107,'                            call(void controller.TravelRequestController.load(..)) || '),(1,108,'                            call(int model.TravelRequestDatabase.maxNumTravelRequest(..)) || '),(1,109,'                            call(int controller.TravelRequestController.maxNumTravelRequest(..)) || '),(1,110,'                            call(void model.TravelRequestDatabase.save(..)) || '),(1,111,'                            call(void controller.TravelRequestController.save(..)) || '),(1,112,'                            call(ArrayList<model.Employee> model.TravelRequestDatabase.loadFullNameEmployees(..)) || '),(1,113,'                            call(ArrayList<model.Employee> controller.TravelRequestController.loadFullNameEmployees(..)) || '),(1,114,'                            call(void model.TravelRequestDatabase.delete(..)) || '),(1,115,'                            call(void controller.TravelRequestController.delete(..));'),(1,116,''),(1,117,'   before(): databaseMethods()'),(1,118,'   {'),(1,119,''),(1,120,'      // Get the Caller Class Details'),(1,121,'      callerClassObj1 = thisEnclosingJoinPointStaticPart.getSignature().getDeclaringType();'),(1,122,'      getCallerClassDetails(callerClassObj1);'),(1,123,''),(1,124,'      // Get the Callee Class Details'),(1,125,'      calleeClassObj1 = thisJoinPoint.getTarget().getClass();'),(1,126,'      getCalleeClassDetails(calleeClassObj1);'),(1,127,''),(1,128,'      // Get the details of the Method being executed'),(1,129,'      method        = thisJoinPoint.getSignature();'),(1,130,'      packageMethod = method.getDeclaringType().getPackageName();'),(1,131,'      classMethod   = method.getDeclaringType().getSimpleName();'),(1,132,'      nameMethod    = method.getName();'),(1,133,'      methodArgs    = thisJoinPoint.getArgs();'),(1,134,'      fullMethod	= nameMethod + startParameters;'),(1,135,'      '),(1,136,'      // Validate if the CallerClass is a Graphical User Interface Class'),(1,137,'      // Build the Caller Class Line'),(1,138,'      if(callerGuiFlag == true)'),(1,139,'      {	  '),(1,140,'    	 // Build the method line '),(1,141,'         fullMethod = fullMethod + endParameters;'),(1,142,'         '),(1,143,'         // Build the note line'),(1,144,'         note = startNote   + whiteSpaceWordsDelimiter1 + currentUser + whiteSpaceWordsDelimiter1 + colorDelimiter + colorNote + '),(1,145,'                whiteSpaceWordsDelimiter1 + newLine1 + callerClass + '),(1,146,'                newLine1 + endNote + newLine1;'),(1,147,'         '),(1,148,'         // Assign the value to the caller Class'),(1,149,'         callerClass = currentUser;'),(1,150,'         '),(1,151,'         // Build the caller Class Line'),(1,152,'         callerClassLine = member1 + whiteSpaceWordsDelimiter1  + callerClass + '),(1,153,'        		           whiteSpaceWordsDelimiter1 + position + whiteSpaceWordsDelimiter1 + actorOrder;'),(1,154,'      }   '),(1,155,'      else'),(1,156,'      {	  '),(1,157,'    	 // Build the method line  '),(1,158,'         fullMethod = fullMethod + Arrays.toString(methodArgs) + endParameters;'),(1,159,'         '),(1,160,'         // The note line will be empty'),(1,161,'         note = \"\";'),(1,162,'         '),(1,163,'         // Increase the participants Order Counter'),(1,164,'         partOrder++;'),(1,165,'         '),(1,166,'         // Build the caller Class Line'),(1,167,'         callerClassLine = member2 + whiteSpaceWordsDelimiter1 + callerClass + '),(1,168,'        		           whiteSpaceWordsDelimiter1 + position + whiteSpaceWordsDelimiter1 + partOrder;'),(1,169,'      }   '),(1,170,'      '),(1,171,'      partOrder++;'),(1,172,'      '),(1,173,'      // Build the callee Class Line'),(1,174,'      calleeClassLine = member2 + whiteSpaceWordsDelimiter1 + calleeClass + '),(1,175,'    		            whiteSpaceWordsDelimiter1 + position + whiteSpaceWordsDelimiter1 + partOrder;'),(1,176,'    		  '),(1,177,'      // Generate the Plant UML line to generate the UML Sequence Diagram Text File'),(1,178,'      updateSeqDiagTextFile(callerClass, calleeClass, fullMethod, note, callerClassLine, calleeClassLine);'),(1,179,''),(1,180,'   } '),(1,181,'   '),(1,182,'   public void updateSeqDiagTextFile(String inputCallerClass, String inputCalleeClass, '),(1,183,'		                             String inputMethod, String inputNote, String inputCallerClassLine,'),(1,184,'		                             String inputCalleeClassLine)'),(1,185,'   {'),(1,186,'	   '),(1,187,'      line    = \"\";'),(1,188,'      content = \"\";'),(1,189,'      '),(1,190,'      // Generating the content of the Text File which contains Plant UML instructions'),(1,191,'      // to generate the UML Sequence Diagram'),(1,192,'      '),(1,193,'      line    = inputCallerClassLine + newLine1;'),(1,194,'      content = content + line;'),(1,195,'      '),(1,196,'      line    = inputCalleeClassLine + newLine1;'),(1,197,'      content = content + line;'),(1,198,'      '),(1,199,'      line    = inputNote;'),(1,200,'      content = content + line;'),(1,201,''),(1,202,'      // Increase the methods Counter'),(1,203,'      methodsCounter ++;'),(1,204,'      '),(1,205,'      line = inputCallerClass + whiteSpaceWordsDelimiter1 + startSendMessage + '),(1,206,'    		 inputCalleeClass + endSendMessage            + whiteSpaceWordsDelimiter1 + '),(1,207,'    		 methodsCounter   + objectOrientedDelimiter1  + inputMethod + newLine1;'),(1,208,'      content = content + line;     '),(1,209,'      '),(1,210,'      line    = space + newLine1;'),(1,211,'      content = content + line;'),(1,212,'      '),(1,213,'      content = String.format(content);'),(1,214,''),(1,215,'      // Write the Plant Uml Line into the UML Sequence Diagram Text File'),(1,216,'      writeTextFile(umlSeqDiagTextFile, content);   '),(1,217,''),(1,218,'   } '),(1,219,'   '),(1,220,'   pointcut connect(): '),(1,221,'   	                      execution(gui.LoginFrame.new(..));'),(1,222,'      '),(1,223,'   before(): connect()'),(1,224,'   {'),(1,225,'   	   '),(1,226,'	  line    = \"\";'),(1,227,'	  content = \"\";'),(1,228,'	      '),(1,229,'      // Add a division in the UML Sequence Diagram Text File  '),(1,230,'	  line = startDivision + whiteSpaceWordsDelimiter1 + '),(1,231,'	         projectName   + whiteSpaceWordsDelimiter1 + '),(1,232,'	    	 endDivision   + newLine1;'),(1,233,'	  '),(1,234,'      content = content + line;'),(1,235,'      '),(1,236,'      content = String.format(content);'),(1,237,'      '),(1,238,'      // Write this division into the UML Sequence Diagram Text File'),(1,239,'	  writeTextFile(umlSeqDiagTextFile, content);'),(1,240,'	  '),(1,241,'	  // Initialize the methods counter'),(1,242,'	  methodsCounter = 0;'),(1,243,'	  '),(1,244,'	  // Increase the users counters'),(1,245,'	  userCounter ++;'),(1,246,'	  '),(1,247,'	  currentUser = userName + validSpecialCharacter + userCounter;'),(1,248,'	  '),(1,249,'   }  '),(1,250,'     '),(1,251,'   public void writeTextFile(String textfile, String content)'),(1,252,'   {'),(1,253,'      FileWriter fw = null;'),(1,254,'      BufferedWriter bw;'),(1,255,'      File file;'),(1,256,''),(1,257,'      try'),(1,258,'      {'),(1,259,'         // Create a new textFile'),(1,260,'         file = new File(umlSeqDiagTextFile);'),(1,261,''),(1,262,'         if(file.exists())'),(1,263,'         {'),(1,264,'            fw = new FileWriter(file,true);'),(1,265,'            bw = new BufferedWriter(fw);'),(1,266,''),(1,267,'            // Write in the textFile'),(1,268,'            fw.append(content);'),(1,269,''),(1,270,'            // Close the textFile'),(1,271,'            bw.close();'),(1,272,'         }'),(1,273,'         '),(1,274,'      }'),(1,275,'      catch(Exception e)'),(1,276,'      {'),(1,277,'         errorMessage = e.getMessage();'),(1,278,'         System.out.println(\"Error FRL: Occurred while opening the UML Sequence Diagram Text File: \"+umlSeqDiagTextFile + \"Error Message: \" + errorMessage);'),(1,279,'      }'),(1,280,'            '),(1,281,'   }  '),(1,282,'   '),(1,283,'   public boolean validateSuperClass(String inputSuperClass)'),(1,284,'   {'),(1,285,'      String inputGuiLibStr, lib;'),(1,286,'      String [] guiLibsArray; '),(1,287,'      int c=0;'),(1,288,'      boolean guiFlag = false;	'),(1,289,''),(1,290,'      inputGuiLibStr = guiLibs;'),(1,291,'   '),(1,292,'      // Get the Array from the Input GUI Library String'),(1,293,'      guiLibsArray = inputGuiLibStr.split(guiLibDelimiter); '),(1,294,'   '),(1,295,'      while(c < guiLibsArray.length && guiFlag == false)'),(1,296,'      {'),(1,297,'         lib = guiLibsArray[c];'),(1,298,'         '),(1,299,'         // Validate if the inputSuperClass contains the current Library prefix'),(1,300,'	     if(inputSuperClass.contains(lib))'),(1,301,'	        guiFlag = true;	'),(1,302,'	  '),(1,303,'	     c++;'),(1,304,'      } '),(1,305,'   '),(1,306,'      return guiFlag;   '),(1,307,'   }  '),(1,308,''),(1,309,'   public String getSuperClass(Class<?>  inputClass)'),(1,310,'   {'),(1,311,'	   '),(1,312,'      // Obtain the Class and SuperClass of the current Method Body File'),(1,313,'      String superClass = \"\";'),(1,314,'		  		  		  '),(1,315,'      // Get the superclass from the class'),(1,316,'      Class<?> superclz = inputClass.getSuperclass();'),(1,317,'      superClass = superclz.toString();'),(1,318,'   '),(1,319,'      return superClass;  '),(1,320,'   }'),(1,321,''),(1,322,'   public Class<?> getUpdatedClass(String inputClass)'),(1,323,'   {'),(1,324,'      Class<?> classObj = null;'),(1,325,'	'),(1,326,'      try '),(1,327,'      {'),(1,328,'         classObj = Class.forName(inputClass);'),(1,329,'      } '),(1,330,'      catch (ClassNotFoundException e) '),(1,331,'      {'),(1,332,'         errorMessage = e.getMessage();'),(1,333,'	     System.out.println(\"Error FRL: Occurred while creating a New Class. Error Message: \" + errorMessage);'),(1,334,'      }'),(1,335,'	'),(1,336,'      return classObj;	'),(1,337,'   }'),(1,338,'   '),(1,339,'   public String validateClass(String inputClass)'),(1,340,'   {'),(1,341,'      String outputClass = inputClass, element1, searchWhiteSpace=\"\\\\s+\";	'),(1,342,'      String[] elements;'),(1,343,'   '),(1,344,'      // Replace the bluePrintObject: \"class\" for \"\"'),(1,345,'      if(outputClass.contains(bluePrintObject1))'),(1,346,'         outputClass = outputClass.replace(bluePrintObject1,\"\");'),(1,347,'	'),(1,348,'      // Remove the WhiteSpaces from the beginning of the string'),(1,349,'      outputClass = outputClass.replaceFirst(searchWhiteSpace, \"\");'),(1,350,'   '),(1,351,'      // Replace the specialCharacter1:\"$\" for \"_\"'),(1,352,'      if(outputClass.contains(invalidSpecialCharacter))'),(1,353,'      {	   '),(1,354,'	     // Replace the dollarDelimiter:\"$\" for \"_\"'),(1,355,'         outputClass = outputClass.replace(invalidSpecialCharacter, validSpecialCharacter);'),(1,356,''),(1,357,'	     // Divide the string in two parts using the \"_\" delimiter'),(1,358,'         elements = outputClass.split(validSpecialCharacter); '),(1,359,'      '),(1,360,'         // Get the first part'),(1,361,'  	     element1 = elements[0];'),(1,362,'         outputClass = element1;'),(1,363,'      '),(1,364,'      }   '),(1,365,'   '),(1,366,'      return outputClass;'),(1,367,'   }'),(1,368,'   '),(1,369,'   public void getCalleeClassDetails(Class<?> calleeClassObj0)'),(1,370,'   {'),(1,371,'	   '),(1,372,'	  // Get the calleeClass '),(1,373,'      calleeClass = calleeClassObj0.toString();'),(1,374,''),(1,375,'	  // Validate the calleeClass'),(1,376,'	  calleeClass = validateClass(calleeClass);'),(1,377,''),(1,378,'	  //Get the Updated Object Class '),(1,379,'	  calleeClassObj2 = getUpdatedClass(calleeClass);'),(1,380,''),(1,381,'	  //Get the superClass of the caller Class'),(1,382,'	  calleeSuperClass = getSuperClass(calleeClassObj2);'),(1,383,'	'),(1,384,'	  // Get the flag of the callerSuperClass GUI'),(1,385,'	  calleeGuiFlag = validateSuperClass(calleeSuperClass);'),(1,386,''),(1,387,'	  // Validate if callerSuperClass corresponds to GUI'),(1,388,'	  if(calleeGuiFlag == true)'),(1,389,'	  {'),(1,390,'	     //calleeClass = calleeClass;'),(1,391,'	     calleeType = member1;'),(1,392,'	  }'),(1,393,'	  else'),(1,394,'	     calleeType = member2;'),(1,395,'   }'),(1,396,'   '),(1,397,'   public void getCallerClassDetails(Class<?> callerClassObj0)'),(1,398,'   {'),(1,399,'	   '),(1,400,'      // Get the caller Class'),(1,401,'      callerClass = callerClassObj0.toString();'),(1,402,''),(1,403,'	  // Validate the caller Class'),(1,404,'	  callerClass = validateClass(callerClass);'),(1,405,''),(1,406,'	  // Get the Updated Object Class '),(1,407,'	  callerClassObj2 = getUpdatedClass(callerClass);'),(1,408,''),(1,409,'	  // Get the superClass of the caller Class'),(1,410,'	  callerSuperClass = getSuperClass(callerClassObj2);'),(1,411,''),(1,412,'	  // Get the flag of the callerSuperClass GUI'),(1,413,'	  callerGuiFlag = validateSuperClass(callerSuperClass);'),(1,414,''),(1,415,'	  // Validate if callerSuperClass corresponds to GUI'),(1,416,'	  if(callerGuiFlag == true)'),(1,417,'	  {	'),(1,418,'	     //callerClass = callerClass;'),(1,419,'	     callerType = member1;'),(1,420,'	  }'),(1,421,'	  else'),(1,422,'	     callerType = member2;'),(1,423,'   }'),(1,424,'  '),(1,425,'}'),(2,1,'package frl;'),(2,2,''),(2,3,'import java.io.BufferedWriter;'),(2,4,'import java.io.File;'),(2,5,'import java.io.FileWriter;'),(2,6,'import java.io.IOException;'),(2,7,'import java.util.List;'),(2,8,''),(2,9,'import net.sourceforge.plantuml.GeneratedImage;'),(2,10,'import net.sourceforge.plantuml.SourceFileReader;'),(2,11,''),(2,12,'public aspect FrlStart'),(2,13,'{'),(2,14,'   String projectOutputDir=\"/Users/fannyriveraortiz/Desktop/Output/\";'),(2,15,'   String umlSeqDiagTextFileName1=\"IncidentSequenceDiagram.txt\";'),(2,16,'   String umlSeqDiagPngFileName1=\"IncidentSequenceDiagram.png\";'),(2,17,'   '),(2,18,'   String newLine1=\"%n\";'),(2,19,'   String startUMLSeqDiagram=\"@startuml\";'),(2,20,'   String endUMLSeqDiagram=\"@enduml\";'),(2,21,''),(2,22,'   String umlSeqDiagTextFile=projectOutputDir + umlSeqDiagTextFileName1;'),(2,23,'   String umlSeqDiagPngFile=projectOutputDir  + umlSeqDiagPngFileName1;'),(2,24,'   String method, errorMessage, content=\"\";'),(2,25,'   '),(2,26,'   pointcut start(): '),(2,27,'   	                      execution(void gui.HRMApp.main(..));'),(2,28,''),(2,29,'   after(): start()'),(2,30,'   {'),(2,31,'	  System.out.println(\"Message FRL: Welcome to the Forensic-Ready Logger ...\");'),(2,32,'	   '),(2,33,'	  // Delete UML Sequence Diagram previous Files'),(2,34,'	  deleteFiles();'),(2,35,''),(2,36,'	  // Create a new UML Sequence Diagram Text File'),(2,37,'	  createSeqDiagramTextFile(umlSeqDiagTextFile);'),(2,38,'   }'),(2,39,'   '),(2,40,'   pointcut end(): '),(2,41,'   	                      call(void exit(..));'),(2,42,''),(2,43,'   before(): end()'),(2,44,'   {'),(2,45,'      // Create and update the UML Sequence Diagram Files '),(2,46,'      updateFiles();'),(2,47,'   }'),(2,48,'   '),(2,49,'   public void deleteSeqDiagramFile(String inputFile)'),(2,50,'   {'),(2,51,'      File file = new File(inputFile);'),(2,52,'	   '),(2,53,'      // Delete an existing UML Sequence Diagram File'),(2,54,'	  if(file.exists() && !file.isDirectory()) '),(2,55,'	     file.delete();'),(2,56,'	  '),(2,57,'   }'),(2,58,'   '),(2,59,'   public void deleteFiles()'),(2,60,'   {'),(2,61,'      // Delete UML Sequence Diagram Text File'),(2,62,'	  deleteSeqDiagramFile(umlSeqDiagTextFile);'),(2,63,'		  '),(2,64,'	  // Delete UML Sequence Diagram Png File'),(2,65,'      deleteSeqDiagramFile(umlSeqDiagPngFile); '),(2,66,'      '),(2,67,'   }'),(2,68,'   '),(2,69,'   public void writeTextFile(String textFile, String content)'),(2,70,'   {'),(2,71,'      FileWriter fw = null;'),(2,72,'      BufferedWriter bw;'),(2,73,'      File file;'),(2,74,''),(2,75,'      try'),(2,76,'      {'),(2,77,'         // Create a new textFile'),(2,78,'         file = new File(textFile);'),(2,79,''),(2,80,'         // Validate if the textFile exists'),(2,81,'         if (!file.exists()) '),(2,82,'         {'),(2,83,'            file.createNewFile();'),(2,84,'            fw = new FileWriter(file.getAbsoluteFile());'),(2,85,'         }'),(2,86,'         else'),(2,87,'            fw = new FileWriter(file, true);'),(2,88,'         '),(2,89,'         bw = new BufferedWriter(fw);'),(2,90,''),(2,91,'         // Write in the textFile'),(2,92,'         fw.append(content);'),(2,93,''),(2,94,'         // Close the textFile'),(2,95,'         bw.close();'),(2,96,'         '),(2,97,'      }'),(2,98,'      catch(Exception e)'),(2,99,'      {'),(2,100,'         errorMessage = e.getMessage();'),(2,101,'         System.out.println(\"Error FRL: Occurred while opening the UML Sequence Diagram Text File: \"+umlSeqDiagTextFile + \"Error Message: \" + errorMessage);'),(2,102,'      }'),(2,103,'            '),(2,104,'   }  '),(2,105,'   '),(2,106,'   public void createSeqDiagramTextFile(String textFile)'),(2,107,'   {'),(2,108,' '),(2,109,'      content = \"\";'),(2,110,''),(2,111,'      // Plant UML Instructions'),(2,112,'      content = startUMLSeqDiagram + newLine1;'),(2,113,'      content = content + \"skinparam backgroundColor #EEEBDC\"   + newLine1;'),(2,114,'      content = content + \"skinparam sequence {\"                + newLine1;'),(2,115,'      content = content + \"ArrowColor DarkBlue\"                 + newLine1;'),(2,116,'      content = content + \"ActorBorderColor DarkBlue\"           + newLine1;'),(2,117,'      content = content + \"LifeLineBorderColor blue\"            + newLine1;'),(2,118,'      content = content + \"LifeLineBackgroundColor DarkBlue\"    + newLine1;'),(2,119,'      content = content + \"ParticipantBorderColor DarkBlue\"     + newLine1;'),(2,120,'      content = content + \"ParticipantBackgroundColor DarkBlue\" + newLine1;'),(2,121,'      content = content + \"ParticipantFontName Impact\"          + newLine1;'),(2,122,'      content = content + \"ParticipantFontSize 17\"              + newLine1;'),(2,123,'      content = content + \"ParticipantFontColor #A9DCDF\"        + newLine1;'),(2,124,'      content = content + \"ActorBackgroundColor DarkBlue\"       + newLine1;'),(2,125,'      content = content + \"ActorFontColor DarkBlue\"             + newLine1;'),(2,126,'      content = content + \"ActorFontSize 17\"                    + newLine1;'),(2,127,'      content = content + \"ActorFontName Aapex\"                 + newLine1;'),(2,128,'      content = content + \"}\"                                   + newLine1;'),(2,129,'         '),(2,130,'      content = String.format(content);'),(2,131,'      '),(2,132,'      // Write the Plant Uml Lines into the UML Sequence Diagram Text File'),(2,133,'	  writeTextFile(textFile, content);'),(2,134,' '),(2,135,'   }'),(2,136,''),(2,137,'   public void createSeqDiagramPngFile(String textFile)'),(2,138,'   {'),(2,139,'      File file1 = new File(textFile); '),(2,140,'	  SourceFileReader reader = null;'),(2,141,'	  List<GeneratedImage> list = null;'),(2,142,'	  '),(2,143,'	  // Create the Reader of the UML Sequence Diagram Text File'),(2,144,'	  try '),(2,145,'	  {'),(2,146,'	     reader = new SourceFileReader(file1);'),(2,147,'	  } '),(2,148,'	  catch (IOException e) '),(2,149,'	  {'),(2,150,'	     errorMessage = e.getMessage();'),(2,151,'	     System.out.println(\"Error FRL: Occurred while reading the UML Sequence Diagram Text File: \"+textFile + \"Error Message: \" + errorMessage);'),(2,152,'	  }'),(2,153,'	   '),(2,154,'	  // Generate the list of images using the Sequence Diagram Text File'),(2,155,'	  try '),(2,156,'	  {'),(2,157,'	     list = reader.getGeneratedImages();'),(2,158,'	  } '),(2,159,'	  catch (IOException e) '),(2,160,'	  {'),(2,161,'	     errorMessage = e.getMessage();'),(2,162,'		 System.out.println(\"Error FRL: Occurred while generating the UML Sequence Diagram Png File\" + \"Error Message: \" + errorMessage);'),(2,163,'	  }'),(2,164,'	   '),(2,165,'	  // Generated the UML Sequence Diagram Png File'),(2,166,'	  file1 = list.get(0).getPngFile();'),(2,167,' 	   '),(2,168,'   }'),(2,169,'   '),(2,170,'   public void updateFiles()'),(2,171,'   {'),(2,172,'	   '),(2,173,'	  // Update the UML Sequence Diagram Text File with the @endUml Instruction  '),(2,174,'      content = endUMLSeqDiagram + newLine1;'),(2,175,'      content = String.format(content);'),(2,176,'      '),(2,177,'      // Write the contents into the UML Sequence Diagram Text File'),(2,178,'      writeTextFile(umlSeqDiagTextFile, content);'),(2,179,'      '),(2,180,'      // Create the UML Sequence Diagram Png File'),(2,181,'   	  createSeqDiagramPngFile(umlSeqDiagTextFile);'),(2,182,'	      '),(2,183,'  	  // Print on the screen Informative Messages'),(2,184,'	  System.out.println(\"Message FRL: UML Sequence Diagram Text File created: \"+umlSeqDiagTextFile);'),(2,185,'	  System.out.println(\"Message FRL: UML Sequence Diagram PNG File created : \"+umlSeqDiagPngFile);'),(2,186,'      System.out.println(\"Message FRL: Good Bye to the Forensic-Ready Logger.\");'),(2,187,'	  '),(2,188,'   }  '),(2,189,'   '),(2,190,'}');
/*!40000 ALTER TABLE `text_file_plain` ENABLE KEYS */;
UNLOCK TABLES;

--
-- Table structure for table `text_file_properties`
--

DROP TABLE IF EXISTS `text_file_properties`;
/*!40101 SET @saved_cs_client     = @@character_set_client */;
 SET character_set_client = utf8mb4 ;
CREATE TABLE `text_file_properties` (
  `tfh_id` int(11) NOT NULL COMMENT 'Text File Header Identifier',
  `tfp_id` int(11) NOT NULL COMMENT 'Text File Properties Identifier',
  `tfp_property_name` varchar(500) NOT NULL COMMENT 'Text File Properties Property Name',
  `tfp_property_value` varchar(500) DEFAULT NULL COMMENT 'Text File Properties Property Value',
  `tfp_data_type` varchar(500) NOT NULL COMMENT 'Text File Properties Data Type',
  `tfp_type` enum('Component','Attribute','Method') NOT NULL COMMENT 'Text File Properties Type',
  PRIMARY KEY (`tfh_id`,`tfp_id`),
  CONSTRAINT `fk_tfh_id_tfp_1` FOREIGN KEY (`tfh_id`) REFERENCES `text_file_header` (`tfh_id`) ON UPDATE CASCADE
) ENGINE=InnoDB DEFAULT CHARSET=utf8mb4 COLLATE=utf8mb4_0900_ai_ci;
/*!40101 SET character_set_client = @saved_cs_client */;

--
-- Dumping data for table `text_file_properties`
--

LOCK TABLES `text_file_properties` WRITE;
/*!40000 ALTER TABLE `text_file_properties` DISABLE KEYS */;
INSERT INTO `text_file_properties` VALUES (1,1,'textFilePackageName','frl','String','Component'),(1,2,'methodName1','nonPrimitiveDataType','String','Method'),(1,3,'textFileName1','FrlDatabaseMethods','String','Component'),(1,4,'projectName','HRMApplication','String','Attribute'),(1,5,'projectOutputDir','/Users/fannyriveraortiz/Desktop/Output/','String','Attribute'),(1,6,'umlSeqDiagTextFileName1','IncidentSequenceDiagram.txt','String','Attribute'),(1,7,'methodName3','guiLibs','String','Method'),(1,8,'bluePrintObject1','class','String','Attribute'),(1,9,'objectOrientedDelimiter1','.','String','Attribute'),(1,10,'startParameters','(','String','Attribute'),(1,11,'endParameters',')','String','Attribute'),(1,12,'newLine1','%n','String','Attribute'),(1,13,'whiteSpaceWordsDelimiter1','\" \"','String','Attribute'),(1,14,'guiLibDelimiter',';','String','Attribute'),(1,15,'invalidSpecialCharacter','$','String','Attribute'),(1,16,'validSpecialCharacter','_','String','Attribute'),(1,17,'member1','actor','String','Attribute'),(1,18,'member2','participant','String','Attribute'),(1,19,'startSendMessage','->','String','Attribute'),(1,20,'endSendMessage',':','String','Attribute'),(1,21,'userName','User','String','Attribute'),(1,22,'startNote','note left of','String','Attribute'),(1,23,'endNote','end note','String','Attribute'),(1,24,'colorDelimiter','#','String','Attribute'),(1,25,'colorNote','lightskyblue','String','Attribute'),(1,26,'position','order','String','Attribute'),(1,27,'space','||20||','String','Attribute'),(1,28,'startDivision','== Connects to the','String','Attribute'),(1,29,'endDivision','==','String','Attribute'),(1,30,'pointCutName1a','databaseMethods','String','Component'),(1,31,'methodName2','databaseMethods','String','Method'),(1,32,'pointCutName1b','connect','String','Component'),(1,33,'methodName6','connectProjectMethod','String','Method'),(2,1,'textFilePackageName','frl','String','Component'),(2,2,'textFileName2','FrlStart','String','Component'),(2,3,'projectOutputDir','/Users/fannyriveraortiz/Desktop/Output/','String','Attribute'),(2,4,'umlSeqDiagTextFileName1','IncidentSequenceDiagram.txt','String','Attribute'),(2,5,'umlSeqDiagPngFileName1','IncidentSequenceDiagram.png','String','Attribute'),(2,6,'newLine1','%n','String','Attribute'),(2,7,'startUMLSeqDiagram','@startuml','String','Attribute'),(2,8,'endUMLSeqDiagram','@enduml','String','Attribute'),(2,9,'pointCutName2a','start','String','Component'),(2,10,'methodName4','startApplication','String','Method'),(2,11,'pointCutName2b','end','String','Component'),(2,12,'methodName5','endApplication','String','Method');
/*!40000 ALTER TABLE `text_file_properties` ENABLE KEYS */;
UNLOCK TABLES;

--
-- Table structure for table `tree_structure`
--

DROP TABLE IF EXISTS `tree_structure`;
/*!40101 SET @saved_cs_client     = @@character_set_client */;
 SET character_set_client = utf8mb4 ;
CREATE TABLE `tree_structure` (
  `ts_id` int(11) NOT NULL COMMENT 'Tree Structure Identifier',
  `ts_name` varchar(200) NOT NULL COMMENT 'Tree Structure Name',
  `ts_node_type` enum('Root','Node','Internal','Leaf') NOT NULL COMMENT 'Tree Structure Node Type (Root, Node, Internal, Leaf)',
  `ts_parent_id` int(11) DEFAULT NULL COMMENT 'Tree Structure Parent Identifier',
  `ts_level` int(11) NOT NULL COMMENT 'Tree Structure Level',
  `cm_id` int(11) DEFAULT NULL COMMENT 'Class Method Id',
  PRIMARY KEY (`ts_id`)
) ENGINE=InnoDB DEFAULT CHARSET=utf8mb4 COLLATE=utf8mb4_0900_ai_ci;
/*!40101 SET character_set_client = @saved_cs_client */;

--
-- Dumping data for table `tree_structure`
--

LOCK TABLES `tree_structure` WRITE;
/*!40000 ALTER TABLE `tree_structure` DISABLE KEYS */;
INSERT INTO `tree_structure` VALUES (0,'/Users/fannyriveraortiz/Desktop/Input/HRMApplication','Root',-1,0,NULL),(1,'model/ModuleDatabase/saveModules.txt','Node',0,1,384),(2,'controller/ModuleController/saveModules.txt','Internal',1,2,40),(3,'test/TestModuleDb/main.txt','Internal',2,3,4),(4,'model/ModuleDatabase/getModules.txt','Node',0,2,382),(5,'controller/ModuleController/getModules.txt','Internal',4,2,38),(6,'test/TestModuleDb/main.txt','Internal',5,3,4),(7,'model/ModuleDatabase/getSubModules.txt','Node',0,2,383),(8,'controller/ModuleController/getSubModules.txt','Internal',7,2,39),(9,'test/TestModuleDb/main.txt','Internal',8,3,4),(10,'model/EmployeeDatabase/loadEmployee.txt','Node',0,2,363),(11,'test/TestEmployeeDb/main.txt','Internal',10,2,5),(12,'controller/EmployeeController/loadEmployee.txt','Internal',10,2,28),(13,'model/EmployeeDatabase/maxNumEmployee.txt','Node',0,2,367),(14,'test/TestEmployeeDb/main.txt','Internal',13,2,5),(15,'controller/EmployeeController/maxNumEmployee.txt','Internal',13,2,36),(16,'model/EmployeeDatabase/load.txt','Node',0,2,352),(17,'test/TestEmployeeDb/main.txt','Internal',16,2,5),(18,'controller/EmployeeController/load.txt','Internal',16,2,20),(19,'model/EmployeeDatabase/validateFullName.txt','Node',0,2,366),(20,'test/TestEmployeeDb/main.txt','Internal',19,2,5),(21,'controller/EmployeeController/validateFullName.txt','Internal',19,2,35),(22,'model/EmployeeDatabase/validateDeleteEmployee2.txt','Node',0,2,368),(23,'controller/EmployeeController/validateDeleteEmployee2.txt','Internal',22,2,37),(24,'model/EmployeeDatabase/loadSupervisors.txt','Node',0,2,364),(25,'test/TestEmployeeDb/main.txt','Internal',24,2,5),(26,'controller/EmployeeController/loadSupervisors.txt','Internal',24,2,29),(27,'model/EmployeeDatabase/validateDeleteEmployee1.txt','Node',0,2,365),(28,'controller/EmployeeController/validateDeleteEmployee1.txt','Internal',27,2,34),(29,'model/EmployeeDatabase/save.txt','Node',0,2,357),(30,'test/TestEmployeeDb/main.txt','Internal',29,2,5),(31,'controller/EmployeeController/save.txt','Internal',29,2,24),(32,'model/EmployeeDatabase/delete.txt','Node',0,2,354),(33,'controller/EmployeeController/delete1.txt','Internal',32,2,23),(34,'model/UserDatabase/validateDeleteUser.txt','Node',0,2,280),(35,'test/TestUserDb/main.txt','Internal',34,2,3),(36,'controller/UserController/validateDeleteUser.txt','Internal',34,2,55),(37,'model/UserDatabase/validateEmail.txt','Node',0,2,279),(38,'test/TestUserDb/main.txt','Internal',37,2,3),(39,'controller/UserController/validateEmail.txt','Internal',37,2,54),(40,'model/UserDatabase/load.txt','Node',0,2,265),(41,'test/TestUserDb/main.txt','Internal',40,2,3),(42,'controller/UserController/load.txt','Internal',40,2,41),(43,'model/UserDatabase/validateEmployee.txt','Node',0,2,277),(44,'test/TestUserDb/main.txt','Internal',43,2,3),(45,'controller/UserController/validateEmployee.txt','Internal',43,2,51),(46,'model/UserDatabase/validateUser1.txt','Node',0,2,282),(47,'model/UserDatabase/getUserLevel.txt','Node',0,2,284),(48,'controller/UserController/getUserLevel.txt','Internal',47,2,60),(49,'test/TestLoginDb/main.txt','Internal',48,3,2),(50,'model/UserDatabase/save.txt','Node',0,2,270),(51,'test/TestUserDb/main.txt','Internal',50,2,3),(52,'controller/UserController/save.txt','Internal',50,2,45),(53,'model/UserDatabase/validateUser.txt','Node',0,2,281),(54,'controller/UserController/validateUser2.txt','Internal',53,2,58),(55,'model/UserDatabase/loadUser.txt','Node',0,2,276),(56,'test/TestUserDb/main.txt','Internal',55,2,3),(57,'controller/UserController/loadUser.txt','Internal',55,2,49),(58,'model/UserDatabase/loadFullNameEmployees.txt','Node',0,2,283),(59,'test/TestUserDb/main.txt','Internal',58,2,3),(60,'controller/UserController/loadFullNameEmployees.txt','Internal',58,2,59),(61,'model/UserDatabase/delete.txt','Node',0,2,267),(62,'controller/UserController/delete1.txt','Internal',61,2,44),(63,'model/TravelRequestDatabase/loadTravelRequest.txt','Node',0,2,349),(64,'test/TestTravelRequestDb/main.txt','Internal',63,2,1),(65,'controller/TravelRequestController/loadTravelRequest.txt','Internal',63,2,15),(66,'model/TravelRequestDatabase/load.txt','Node',0,2,337),(67,'test/TestTravelRequestDb/main.txt','Internal',66,2,1),(68,'controller/TravelRequestController/load.txt','Internal',66,2,6),(69,'model/TravelRequestDatabase/maxNumTravelRequest.txt','Node',0,2,345),(70,'test/TestTravelRequestDb/main.txt','Internal',69,2,1),(71,'controller/TravelRequestController/maxNumTravelRequest.txt','Internal',69,2,11),(72,'model/TravelRequestDatabase/save.txt','Node',0,2,342),(73,'test/TestTravelRequestDb/main.txt','Internal',72,2,1),(74,'controller/TravelRequestController/save.txt','Internal',72,2,10),(75,'model/TravelRequestDatabase/loadFullNameEmployees.txt','Node',0,2,350),(76,'test/TestTravelRequestDb/main.txt','Internal',75,2,1),(77,'controller/TravelRequestController/loadFullNameEmployees.txt','Internal',75,2,16),(78,'model/TravelRequestDatabase/delete.txt','Node',0,2,339),(79,'test/TestTravelRequestDb/main.txt','Internal',78,2,1),(80,'controller/TravelRequestController/delete1.txt','Internal',78,2,9);
/*!40000 ALTER TABLE `tree_structure` ENABLE KEYS */;
UNLOCK TABLES;

--
-- Dumping events for database 'ForensicReadyLogger'
--

--
-- Dumping routines for database 'ForensicReadyLogger'
--
/*!50003 DROP PROCEDURE IF EXISTS `create_structure_text_file_header_1` */;
/*!50003 SET @saved_cs_client      = @@character_set_client */ ;
/*!50003 SET @saved_cs_results     = @@character_set_results */ ;
/*!50003 SET @saved_col_connection = @@collation_connection */ ;
/*!50003 SET character_set_client  = utf8mb4 */ ;
/*!50003 SET character_set_results = utf8mb4 */ ;
/*!50003 SET collation_connection  = utf8mb4_0900_ai_ci */ ;
/*!50003 SET @saved_sql_mode       = @@sql_mode */ ;
/*!50003 SET sql_mode              = 'ONLY_FULL_GROUP_BY,STRICT_TRANS_TABLES,NO_ZERO_IN_DATE,NO_ZERO_DATE,ERROR_FOR_DIVISION_BY_ZERO,NO_ENGINE_SUBSTITUTION' */ ;
DELIMITER ;;
CREATE DEFINER=`root`@`localhost` PROCEDURE `create_structure_text_file_header_1`()
BEGIN

   /*Update the Text in every record*/
   
   /*Package Name*/
   update text_file_details tfd
   set 
      tfd.tfd_text  = 'package configuration_property_1;',
      tfd.tfd_type  = 'Personalized'
   where 
      tfd.tfh_id  = 1 and
      tfd.tfd_line_number = 1;

   /*Framework Name*/
   update text_file_details tfd
   set 
      tfd.tfd_text  = 'import configuration_property_1;',
      tfd.tfd_type  = 'Personalized'
   where 
      tfd.tfh_id  = 1 and
      tfd.tfd_line_number = 8;
      
   /*Aspect Name*/
   update text_file_details tfd
   set 
      tfd.tfd_text  = 'public aspect configuration_property_1',
      tfd.tfd_type  = 'Personalized'
   where 
      tfd.tfh_id  = 1 and
      tfd.tfd_line_number = 10;
      
   /*Attribute Name*/
   update text_file_details tfd
   set 
      tfd.tfd_text  = '   String configuration_property_1;',
      tfd.tfd_type  = 'Personalized'
   where 
      tfd.tfh_id  = 1 and
      tfd.tfd_line_number between 12 and 21;

   /*Attribute Name*/
   update text_file_details tfd
   set 
      tfd.tfd_text  = '   String configuration_property_1;',
      tfd.tfd_type  = 'Personalized'
   where 
      tfd.tfh_id  = 1 and
      tfd.tfd_line_number between 23 and 30;
      
   /*Attribute Name*/
   update text_file_details tfd
   set 
      tfd.tfd_text  = '   String configuration_property_1;',
      tfd.tfd_type  = 'Personalized'
   where 
      tfd.tfh_id  = 1 and
      tfd.tfd_line_number between 32 and 39;      

   /* PointCut #1 */
   
   /* PointCut Name*/
   update text_file_details tfd
   set tfd.tfd_text  = '   pointcut configuration_property_1(): ', 
         tfd.tfd_type  = 'Personalized' 
   where 
      tfd.tfh_id  = 1 and
      tfd.tfd_line_number  = 53;
   
   /* Method Name*/
   update text_file_details tfd
   set tfd.tfd_text  = '   	                      call(configuration_property_1);', 
         tfd.tfd_type  = 'Personalized' 
   where 
      tfd.tfh_id  = 1 and
      tfd.tfd_line_number  = 54;
   
   update text_file_details tfd
   set tfd.tfd_text  = '   before(): configuration_property_1()', 
         tfd.tfd_type  = 'Personalized' 
   where 
      tfd.tfh_id  = 1 and
      tfd.tfd_line_number  = 117;   
   
    /* PointCut #2 */
    
   /* PointCut Name*/    
   update text_file_details tfd
   set tfd.tfd_text  = '   pointcut configuration_property_1(): ', 
         tfd.tfd_type  = 'Personalized' 
   where 
      tfd.tfh_id  = 1 and
      tfd.tfd_line_number  = 220;  
   
   /* Method Name*/
   update text_file_details tfd
   set tfd.tfd_text  = '   	                      execution(configuration_property_1);', 
         tfd.tfd_type  = 'Personalized' 
   where 
      tfd.tfh_id  = 1 and
      tfd.tfd_line_number  = 221;    
   
   /* PointCut Name*/
   update text_file_details tfd
   set tfd.tfd_text  = '   before(): configuration_property_1()', 
         tfd.tfd_type  = 'Personalized' 
   where 
      tfd.tfh_id  = 1 and
      tfd.tfd_line_number  = 223;    
   
   /*Update the Property Identifier in every record*/
   update text_file_details tfd set tfd.tfp_id  = 1 where tfd.tfh_id  = 1 and tfd.tfd_line_number = 1;
   update text_file_details tfd set tfd.tfp_id  = 2 where tfd.tfh_id  = 1 and tfd.tfd_line_number = 8;
   update text_file_details tfd set tfd.tfp_id  = 3 where tfd.tfh_id  = 1 and tfd.tfd_line_number = 10;
   
   update text_file_details tfd set tfd.tfp_id  = 4 where tfd.tfh_id  = 1 and tfd.tfd_line_number = 12;
   update text_file_details tfd set tfd.tfp_id  = 5 where tfd.tfh_id  = 1 and tfd.tfd_line_number = 13;
   update text_file_details tfd set tfd.tfp_id  = 6 where tfd.tfh_id  = 1 and tfd.tfd_line_number = 14;
   update text_file_details tfd set tfd.tfp_id  = 7 where tfd.tfh_id  = 1 and tfd.tfd_line_number = 15;
   update text_file_details tfd set tfd.tfp_id  = 8 where tfd.tfh_id  = 1 and tfd.tfd_line_number = 16;
   update text_file_details tfd set tfd.tfp_id  = 9 where tfd.tfh_id  = 1 and tfd.tfd_line_number = 17;
   update text_file_details tfd set tfd.tfp_id  = 10 where tfd.tfh_id  = 1 and tfd.tfd_line_number = 18;
   update text_file_details tfd set tfd.tfp_id  = 11 where tfd.tfh_id  = 1 and tfd.tfd_line_number = 19;
   update text_file_details tfd set tfd.tfp_id  = 12 where tfd.tfh_id  = 1 and tfd.tfd_line_number = 20;
   update text_file_details tfd set tfd.tfp_id  = 13 where tfd.tfh_id  = 1 and tfd.tfd_line_number = 21;
   
   update text_file_details tfd set tfd.tfp_id  = 14 where tfd.tfh_id  = 1 and tfd.tfd_line_number = 23;
   update text_file_details tfd set tfd.tfp_id  = 15 where tfd.tfh_id  = 1 and tfd.tfd_line_number = 24;
   update text_file_details tfd set tfd.tfp_id  = 16 where tfd.tfh_id  = 1 and tfd.tfd_line_number = 25;
   update text_file_details tfd set tfd.tfp_id  = 17 where tfd.tfh_id  = 1 and tfd.tfd_line_number = 26;
   update text_file_details tfd set tfd.tfp_id  = 18 where tfd.tfh_id  = 1 and tfd.tfd_line_number = 27;
   update text_file_details tfd set tfd.tfp_id  = 19 where tfd.tfh_id  = 1 and tfd.tfd_line_number = 28;
   update text_file_details tfd set tfd.tfp_id  = 20 where tfd.tfh_id  = 1 and tfd.tfd_line_number = 29;
   update text_file_details tfd set tfd.tfp_id  = 21 where tfd.tfh_id  = 1 and tfd.tfd_line_number = 30;
   
   update text_file_details tfd set tfd.tfp_id  = 22 where tfd.tfh_id  = 1 and tfd.tfd_line_number = 32;
   update text_file_details tfd set tfd.tfp_id  = 23 where tfd.tfh_id  = 1 and tfd.tfd_line_number = 33;
   update text_file_details tfd set tfd.tfp_id  = 24 where tfd.tfh_id  = 1 and tfd.tfd_line_number = 34;
   update text_file_details tfd set tfd.tfp_id  = 25 where tfd.tfh_id  = 1 and tfd.tfd_line_number = 35;
   update text_file_details tfd set tfd.tfp_id  = 26 where tfd.tfh_id  = 1 and tfd.tfd_line_number = 36;
   update text_file_details tfd set tfd.tfp_id  = 27 where tfd.tfh_id  = 1 and tfd.tfd_line_number = 37;
   update text_file_details tfd set tfd.tfp_id  = 28 where tfd.tfh_id  = 1 and tfd.tfd_line_number = 38;
   update text_file_details tfd set tfd.tfp_id  = 29 where tfd.tfh_id  = 1 and tfd.tfd_line_number = 39;
   
   update text_file_details tfd set tfd.tfp_id  = 30 where tfd.tfh_id  = 1 and tfd.tfd_line_number = 53;
   update text_file_details tfd set tfd.tfp_id  = 31 where tfd.tfh_id  = 1 and tfd.tfd_line_number = 54;
   update text_file_details tfd set tfd.tfp_id  = 30 where tfd.tfh_id  = 1 and tfd.tfd_line_number = 117;
   
   update text_file_details tfd set tfd.tfp_id  = 32 where tfd.tfh_id  = 1 and tfd.tfd_line_number = 220;
   update text_file_details tfd set tfd.tfp_id  = 33 where tfd.tfh_id  = 1 and tfd.tfd_line_number = 221;
   update text_file_details tfd set tfd.tfp_id  = 32 where tfd.tfh_id  = 1 and tfd.tfd_line_number = 223;

   /*Delete the records that are not required*/
   delete from text_file_details
   where 
      tfh_id  = 1 and
      tfd_line_number between 55 and 115;

END ;;
DELIMITER ;
/*!50003 SET sql_mode              = @saved_sql_mode */ ;
/*!50003 SET character_set_client  = @saved_cs_client */ ;
/*!50003 SET character_set_results = @saved_cs_results */ ;
/*!50003 SET collation_connection  = @saved_col_connection */ ;
/*!50003 DROP PROCEDURE IF EXISTS `create_structure_text_file_header_2` */;
/*!50003 SET @saved_cs_client      = @@character_set_client */ ;
/*!50003 SET @saved_cs_results     = @@character_set_results */ ;
/*!50003 SET @saved_col_connection = @@collation_connection */ ;
/*!50003 SET character_set_client  = utf8mb4 */ ;
/*!50003 SET character_set_results = utf8mb4 */ ;
/*!50003 SET collation_connection  = utf8mb4_0900_ai_ci */ ;
/*!50003 SET @saved_sql_mode       = @@sql_mode */ ;
/*!50003 SET sql_mode              = 'ONLY_FULL_GROUP_BY,STRICT_TRANS_TABLES,NO_ZERO_IN_DATE,NO_ZERO_DATE,ERROR_FOR_DIVISION_BY_ZERO,NO_ENGINE_SUBSTITUTION' */ ;
DELIMITER ;;
CREATE DEFINER=`root`@`localhost` PROCEDURE `create_structure_text_file_header_2`()
BEGIN

   /*Update the Text in every record*/
   
   /*Package Name*/
   update text_file_details tfd
   set 
      tfd.tfd_text  = 'package configuration_property_1;',
      tfd.tfd_type  = 'Personalized'
   where 
      tfd.tfh_id  = 2 and
      tfd.tfd_line_number = 1;

   /*Aspect Name*/
   update text_file_details tfd
   set 
      tfd.tfd_text  = 'public aspect configuration_property_1',
      tfd.tfd_type  = 'Personalized'
   where 
      tfd.tfh_id  = 2 and
      tfd.tfd_line_number = 12;
      
   /*Attribute Name*/
   update text_file_details tfd
   set 
      tfd.tfd_text  = '   String configuration_property_1;',
      tfd.tfd_type  = 'Personalized'
   where 
      tfd.tfh_id  = 2 and
      tfd.tfd_line_number between 14 and 16;

   /*Attribute Name*/
   update text_file_details tfd
   set 
      tfd.tfd_text  = '   String configuration_property_1;',
      tfd.tfd_type  = 'Personalized'
   where 
      tfd.tfh_id  = 2 and
      tfd.tfd_line_number between 18 and 20;

   /* PointCut #1 */
   
   /* PointCut Name*/
   update text_file_details tfd
   set tfd.tfd_text  = '   pointcut configuration_property_1(): ', 
         tfd.tfd_type  = 'Personalized' 
   where 
      tfd.tfh_id  = 2 and 
	  tfd.tfd_line_number  = 26;
   
   /* Method Name*/
   update text_file_details tfd
   set tfd.tfd_text  = '   	                      execution(configuration_property_1);', 
         tfd.tfd_type  = 'Personalized' 
   where  
      tfd.tfh_id  = 2 and
      tfd.tfd_line_number  = 27;
   
   update text_file_details tfd
   set tfd.tfd_text  = '   after(): configuration_property_1()', 
         tfd.tfd_type  = 'Personalized' 
   where 
      tfd.tfh_id  = 2 and
      tfd.tfd_line_number  = 29;
   
    /* PointCut #2 */
    
   /* PointCut Name*/    
   update text_file_details tfd
   set tfd.tfd_text  = '   pointcut configuration_property_1(): ', 
         tfd.tfd_type  = 'Personalized' 
   where 
      tfd.tfh_id  = 2 and
      tfd.tfd_line_number  = 40;
   
   /* Method Name*/
   update text_file_details tfd
   set tfd.tfd_text  = '   	                      call(configuration_property_1);', 
         tfd.tfd_type  = 'Personalized' 
   where 
      tfd.tfh_id  = 2 and
      tfd.tfd_line_number  = 41;   
   
   /* PointCut Name*/
   update text_file_details tfd
   set tfd.tfd_text  = '   before(): configuration_property_1()', 
         tfd.tfd_type  = 'Personalized' 
   where 
      tfd.tfh_id  = 2 and
      tfd.tfd_line_number  = 43; 
   
   /*Update the Property Identifier in every record*/
   update text_file_details tfd set tfd.tfp_id  = 1 where tfd.tfh_id  = 2 and tfd.tfd_line_number = 1;
   
   update text_file_details tfd set tfd.tfp_id  = 2 where tfd.tfh_id  = 2 and tfd.tfd_line_number = 12;
   
   update text_file_details tfd set tfd.tfp_id  = 3 where tfd.tfh_id  = 2 and tfd.tfd_line_number = 14;
   update text_file_details tfd set tfd.tfp_id  = 4 where tfd.tfh_id  = 2 and tfd.tfd_line_number = 15;
   update text_file_details tfd set tfd.tfp_id  = 5 where tfd.tfh_id  = 2 and tfd.tfd_line_number = 16;
   
   update text_file_details tfd set tfd.tfp_id  = 6 where tfd.tfh_id  = 2 and tfd.tfd_line_number = 18;
   update text_file_details tfd set tfd.tfp_id  = 7 where tfd.tfh_id  = 2 and tfd.tfd_line_number = 19;
   update text_file_details tfd set tfd.tfp_id  = 8 where tfd.tfh_id  = 2 and tfd.tfd_line_number = 20;
   
   update text_file_details tfd set tfd.tfp_id  = 9 where tfd.tfh_id  = 2 and tfd.tfd_line_number = 26;
   update text_file_details tfd set tfd.tfp_id  = 10 where tfd.tfh_id  = 2 and tfd.tfd_line_number = 27;
   update text_file_details tfd set tfd.tfp_id  = 9 where tfd.tfh_id  = 2 and tfd.tfd_line_number = 29;
   
   update text_file_details tfd set tfd.tfp_id  = 11 where tfd.tfh_id  = 2 and tfd.tfd_line_number = 40;
   update text_file_details tfd set tfd.tfp_id  = 12 where tfd.tfh_id  = 2 and tfd.tfd_line_number = 41;
   update text_file_details tfd set tfd.tfp_id  = 11 where tfd.tfh_id  = 2 and tfd.tfd_line_number = 43;
   
END ;;
DELIMITER ;
/*!50003 SET sql_mode              = @saved_sql_mode */ ;
/*!50003 SET character_set_client  = @saved_cs_client */ ;
/*!50003 SET character_set_results = @saved_cs_results */ ;
/*!50003 SET collation_connection  = @saved_col_connection */ ;
/*!50003 DROP PROCEDURE IF EXISTS `create_structure_text_file_properties` */;
/*!50003 SET @saved_cs_client      = @@character_set_client */ ;
/*!50003 SET @saved_cs_results     = @@character_set_results */ ;
/*!50003 SET @saved_col_connection = @@collation_connection */ ;
/*!50003 SET character_set_client  = utf8mb4 */ ;
/*!50003 SET character_set_results = utf8mb4 */ ;
/*!50003 SET collation_connection  = utf8mb4_0900_ai_ci */ ;
/*!50003 SET @saved_sql_mode       = @@sql_mode */ ;
/*!50003 SET sql_mode              = 'ONLY_FULL_GROUP_BY,STRICT_TRANS_TABLES,NO_ZERO_IN_DATE,NO_ZERO_DATE,ERROR_FOR_DIVISION_BY_ZERO,NO_ENGINE_SUBSTITUTION' */ ;
DELIMITER ;;
CREATE DEFINER=`root`@`localhost` PROCEDURE `create_structure_text_file_properties`()
BEGIN

   delete from text_file_properties
   where tfh_id >=1;

   INSERT INTO `text_file_properties` (`tfh_id`,`tfp_id`,`tfp_property_name`,`tfp_property_value`,`tfp_data_type`,`tfp_type`) VALUES (1,1,'textFilePackageName','frl','String','Component');
   INSERT INTO `text_file_properties` (`tfh_id`,`tfp_id`,`tfp_property_name`,`tfp_property_value`,`tfp_data_type`,`tfp_type`) VALUES (1,2,'methodName1','nonPrimitiveDataType','String','Method');
   INSERT INTO `text_file_properties` (`tfh_id`,`tfp_id`,`tfp_property_name`,`tfp_property_value`,`tfp_data_type`,`tfp_type`) VALUES (1,3,'textFileName1','FrlDatabaseMethods','String','Component');
   INSERT INTO `text_file_properties` (`tfh_id`,`tfp_id`,`tfp_property_name`,`tfp_property_value`,`tfp_data_type`,`tfp_type`) VALUES (1,4,'projectName','HRMApplication','String','Attribute');
   INSERT INTO `text_file_properties` (`tfh_id`,`tfp_id`,`tfp_property_name`,`tfp_property_value`,`tfp_data_type`,`tfp_type`) VALUES (1,5,'projectOutputDir','/Users/fannyriveraortiz/Desktop/Output/','String','Attribute');
   INSERT INTO `text_file_properties` (`tfh_id`,`tfp_id`,`tfp_property_name`,`tfp_property_value`,`tfp_data_type`,`tfp_type`) VALUES (1,6,'umlSeqDiagTextFileName1','IncidentSequenceDiagram.txt','String','Attribute');
   INSERT INTO `text_file_properties` (`tfh_id`,`tfp_id`,`tfp_property_name`,`tfp_property_value`,`tfp_data_type`,`tfp_type`) VALUES (1,7,'methodName3','guiLibs','String','Method');
   INSERT INTO `text_file_properties` (`tfh_id`,`tfp_id`,`tfp_property_name`,`tfp_property_value`,`tfp_data_type`,`tfp_type`) VALUES (1,8,'bluePrintObject1','class','String','Attribute');
   INSERT INTO `text_file_properties` (`tfh_id`,`tfp_id`,`tfp_property_name`,`tfp_property_value`,`tfp_data_type`,`tfp_type`) VALUES (1,9,'objectOrientedDelimiter1','.','String','Attribute');
   INSERT INTO `text_file_properties` (`tfh_id`,`tfp_id`,`tfp_property_name`,`tfp_property_value`,`tfp_data_type`,`tfp_type`) VALUES (1,10,'startParameters','(','String','Attribute');
   INSERT INTO `text_file_properties` (`tfh_id`,`tfp_id`,`tfp_property_name`,`tfp_property_value`,`tfp_data_type`,`tfp_type`) VALUES (1,11,'endParameters',')','String','Attribute');
   INSERT INTO `text_file_properties` (`tfh_id`,`tfp_id`,`tfp_property_name`,`tfp_property_value`,`tfp_data_type`,`tfp_type`) VALUES (1,12,'newLine1','%n','String','Attribute');
   INSERT INTO `text_file_properties` (`tfh_id`,`tfp_id`,`tfp_property_name`,`tfp_property_value`,`tfp_data_type`,`tfp_type`) VALUES (1,13,'whiteSpaceWordsDelimiter1','\" \"','String','Attribute');
   INSERT INTO `text_file_properties` (`tfh_id`,`tfp_id`,`tfp_property_name`,`tfp_property_value`,`tfp_data_type`,`tfp_type`) VALUES (1,14,'guiLibDelimiter',';','String','Attribute');
   INSERT INTO `text_file_properties` (`tfh_id`,`tfp_id`,`tfp_property_name`,`tfp_property_value`,`tfp_data_type`,`tfp_type`) VALUES (1,15,'invalidSpecialCharacter','$','String','Attribute');
   INSERT INTO `text_file_properties` (`tfh_id`,`tfp_id`,`tfp_property_name`,`tfp_property_value`,`tfp_data_type`,`tfp_type`) VALUES (1,16,'validSpecialCharacter','_','String','Attribute');
   INSERT INTO `text_file_properties` (`tfh_id`,`tfp_id`,`tfp_property_name`,`tfp_property_value`,`tfp_data_type`,`tfp_type`) VALUES (1,17,'member1','actor','String','Attribute');
   INSERT INTO `text_file_properties` (`tfh_id`,`tfp_id`,`tfp_property_name`,`tfp_property_value`,`tfp_data_type`,`tfp_type`) VALUES (1,18,'member2','participant','String','Attribute');
   INSERT INTO `text_file_properties` (`tfh_id`,`tfp_id`,`tfp_property_name`,`tfp_property_value`,`tfp_data_type`,`tfp_type`) VALUES (1,19,'startSendMessage','->','String','Attribute');
   INSERT INTO `text_file_properties` (`tfh_id`,`tfp_id`,`tfp_property_name`,`tfp_property_value`,`tfp_data_type`,`tfp_type`) VALUES (1,20,'endSendMessage',':','String','Attribute');
   INSERT INTO `text_file_properties` (`tfh_id`,`tfp_id`,`tfp_property_name`,`tfp_property_value`,`tfp_data_type`,`tfp_type`) VALUES (1,21,'userName','User','String','Attribute');
   INSERT INTO `text_file_properties` (`tfh_id`,`tfp_id`,`tfp_property_name`,`tfp_property_value`,`tfp_data_type`,`tfp_type`) VALUES (1,22,'startNote','note left of','String','Attribute');
   INSERT INTO `text_file_properties` (`tfh_id`,`tfp_id`,`tfp_property_name`,`tfp_property_value`,`tfp_data_type`,`tfp_type`) VALUES (1,23,'endNote','end note','String','Attribute');
   INSERT INTO `text_file_properties` (`tfh_id`,`tfp_id`,`tfp_property_name`,`tfp_property_value`,`tfp_data_type`,`tfp_type`) VALUES (1,24,'colorDelimiter','#','String','Attribute');
   INSERT INTO `text_file_properties` (`tfh_id`,`tfp_id`,`tfp_property_name`,`tfp_property_value`,`tfp_data_type`,`tfp_type`) VALUES (1,25,'colorNote','lightskyblue','String','Attribute');
   INSERT INTO `text_file_properties` (`tfh_id`,`tfp_id`,`tfp_property_name`,`tfp_property_value`,`tfp_data_type`,`tfp_type`) VALUES (1,26,'position','order','String','Attribute');
   INSERT INTO `text_file_properties` (`tfh_id`,`tfp_id`,`tfp_property_name`,`tfp_property_value`,`tfp_data_type`,`tfp_type`) VALUES (1,27,'space','||20||','String','Attribute');
   INSERT INTO `text_file_properties` (`tfh_id`,`tfp_id`,`tfp_property_name`,`tfp_property_value`,`tfp_data_type`,`tfp_type`) VALUES (1,28,'startDivision','== Connects to the','String','Attribute');
   INSERT INTO `text_file_properties` (`tfh_id`,`tfp_id`,`tfp_property_name`,`tfp_property_value`,`tfp_data_type`,`tfp_type`) VALUES (1,29,'endDivision','==','String','Attribute');
   INSERT INTO `text_file_properties` (`tfh_id`,`tfp_id`,`tfp_property_name`,`tfp_property_value`,`tfp_data_type`,`tfp_type`) VALUES (1,30,'pointCutName1a','databaseMethods','String','Component');
   INSERT INTO `text_file_properties` (`tfh_id`,`tfp_id`,`tfp_property_name`,`tfp_property_value`,`tfp_data_type`,`tfp_type`) VALUES (1,31,'methodName2','databaseMethods','String','Method');
   INSERT INTO `text_file_properties` (`tfh_id`,`tfp_id`,`tfp_property_name`,`tfp_property_value`,`tfp_data_type`,`tfp_type`) VALUES (1,32,'pointCutName1b','connect','String','Component');
   INSERT INTO `text_file_properties` (`tfh_id`,`tfp_id`,`tfp_property_name`,`tfp_property_value`,`tfp_data_type`,`tfp_type`) VALUES (1,33,'methodName6','connectProjectMethod','String','Method');
   INSERT INTO `text_file_properties` (`tfh_id`,`tfp_id`,`tfp_property_name`,`tfp_property_value`,`tfp_data_type`,`tfp_type`) VALUES (2,1,'textFilePackageName','frl','String','Component');
   INSERT INTO `text_file_properties` (`tfh_id`,`tfp_id`,`tfp_property_name`,`tfp_property_value`,`tfp_data_type`,`tfp_type`) VALUES (2,2,'textFileName2','FrlStart','String','Component');
   INSERT INTO `text_file_properties` (`tfh_id`,`tfp_id`,`tfp_property_name`,`tfp_property_value`,`tfp_data_type`,`tfp_type`) VALUES (2,3,'projectOutputDir','/Users/fannyriveraortiz/Desktop/Output/','String','Attribute');
   INSERT INTO `text_file_properties` (`tfh_id`,`tfp_id`,`tfp_property_name`,`tfp_property_value`,`tfp_data_type`,`tfp_type`) VALUES (2,4,'umlSeqDiagTextFileName1','IncidentSequenceDiagram.txt','String','Attribute');
   INSERT INTO `text_file_properties` (`tfh_id`,`tfp_id`,`tfp_property_name`,`tfp_property_value`,`tfp_data_type`,`tfp_type`) VALUES (2,5,'umlSeqDiagPngFileName1','IncidentSequenceDiagram.png','String','Attribute');
   INSERT INTO `text_file_properties` (`tfh_id`,`tfp_id`,`tfp_property_name`,`tfp_property_value`,`tfp_data_type`,`tfp_type`) VALUES (2,6,'newLine1','%n','String','Attribute');
   INSERT INTO `text_file_properties` (`tfh_id`,`tfp_id`,`tfp_property_name`,`tfp_property_value`,`tfp_data_type`,`tfp_type`) VALUES (2,7,'startUMLSeqDiagram','@startuml','String','Attribute');
   INSERT INTO `text_file_properties` (`tfh_id`,`tfp_id`,`tfp_property_name`,`tfp_property_value`,`tfp_data_type`,`tfp_type`) VALUES (2,8,'endUMLSeqDiagram','@enduml','String','Attribute');
   INSERT INTO `text_file_properties` (`tfh_id`,`tfp_id`,`tfp_property_name`,`tfp_property_value`,`tfp_data_type`,`tfp_type`) VALUES (2,9,'pointCutName2a','start','String','Component');
   INSERT INTO `text_file_properties` (`tfh_id`,`tfp_id`,`tfp_property_name`,`tfp_property_value`,`tfp_data_type`,`tfp_type`) VALUES (2,10,'methodName4','startApplication','String','Method');
   INSERT INTO `text_file_properties` (`tfh_id`,`tfp_id`,`tfp_property_name`,`tfp_property_value`,`tfp_data_type`,`tfp_type`) VALUES (2,11,'pointCutName2b','end','String','Component');
   INSERT INTO `text_file_properties` (`tfh_id`,`tfp_id`,`tfp_property_name`,`tfp_property_value`,`tfp_data_type`,`tfp_type`) VALUES (2,12,'methodName5','endApplication','String','Method');

END ;;
DELIMITER ;
/*!50003 SET sql_mode              = @saved_sql_mode */ ;
/*!50003 SET character_set_client  = @saved_cs_client */ ;
/*!50003 SET character_set_results = @saved_cs_results */ ;
/*!50003 SET collation_connection  = @saved_col_connection */ ;
/*!40103 SET TIME_ZONE=@OLD_TIME_ZONE */;

/*!40101 SET SQL_MODE=@OLD_SQL_MODE */;
/*!40014 SET FOREIGN_KEY_CHECKS=@OLD_FOREIGN_KEY_CHECKS */;
/*!40014 SET UNIQUE_CHECKS=@OLD_UNIQUE_CHECKS */;
/*!40101 SET CHARACTER_SET_CLIENT=@OLD_CHARACTER_SET_CLIENT */;
/*!40101 SET CHARACTER_SET_RESULTS=@OLD_CHARACTER_SET_RESULTS */;
/*!40101 SET COLLATION_CONNECTION=@OLD_COLLATION_CONNECTION */;
/*!40111 SET SQL_NOTES=@OLD_SQL_NOTES */;

-- Dump completed on 2020-07-30 13:15:00
